"Date","Price","Open","High","Low","Vol.","Change %"
"10/15/2023","4,224.16","4,351.28","4,393.73","4,222.38","","-2.39%"
"10/08/2023","4,327.78","4,288.38","4,386.00","4,283.82","","0.45%"
"10/01/2023","4,308.50","4,280.50","4,324.63","4,216.31","","0.48%"
"09/24/2023","4,288.05","4,309.13","4,338.84","4,238.53","","-0.74%"
"09/17/2023","4,320.06","4,447.13","4,466.28","4,316.43","","-2.93%"
"09/10/2023","4,450.32","4,486.88","4,511.72","4,447.26","","-0.16%"
"09/03/2023","4,457.49","4,512.88","4,514.60","4,429.79","","-1.29%"
"08/27/2023","4,515.77","4,429.68","4,540.16","4,414.67","","2.50%"
"08/20/2023","4,405.71","4,381.18","4,457.97","4,355.94","","0.82%"
"08/13/2023","4,369.71","4,459.63","4,490.01","4,337.77","","-2.11%"
"08/06/2023","4,464.05","4,499.88","4,525.88","4,443.13","","-0.31%"
"07/30/2023","4,478.03","4,586.38","4,594.13","4,475.17","","-2.27%"
"07/23/2023","4,582.23","4,549.52","4,606.00","4,529.17","","1.01%"
"07/16/2023","4,536.34","4,506.13","4,578.25","4,505.88","","0.69%"
"07/09/2023","4,505.42","4,395.38","4,527.81","4,390.13","","2.42%"
"07/02/2023","4,398.95","4,444.17","4,456.88","4,385.18","","-1.16%"
"06/25/2023","4,450.38","4,342.38","4,458.43","4,328.33","","2.35%"
"06/18/2023","4,348.33","4,389.88","4,400.20","4,341.22","","-1.39%"
"06/11/2023","4,409.59","4,311.50","4,447.00","4,304.20","","2.58%"
"06/04/2023","4,298.86","4,285.60","4,322.50","4,260.30","","0.39%"
"05/28/2023","4,282.37","4,225.23","4,290.80","4,166.20","","1.83%"
"05/21/2023","4,205.45","4,193.40","4,212.80","4,103.50","","0.32%"
"05/14/2023","4,191.98","4,129.80","4,212.99","4,109.90","","1.65%"
"05/07/2023","4,124.08","4,138.20","4,154.51","4,098.50","","-0.29%"
"04/30/2023","4,136.25","4,166.20","4,187.20","4,048.00","","-0.80%"
"04/23/2023","4,169.48","4,131.23","4,170.52","4,049.30","","0.87%"
"04/16/2023","4,133.52","4,135.80","4,169.53","4,113.80","","-0.10%"
"04/09/2023","4,137.64","4,078.38","4,162.69","4,071.13","","0.79%"
"04/02/2023","4,105.02","4,102.50","4,133.62","4,069.35","","-0.10%"
"03/26/2023","4,109.31","3,996.03","4,110.80","3,951.50","","3.48%"
"03/19/2023","3,970.99","3,923.38","4,040.03","3,906.70","","1.39%"
"03/12/2023","3,916.64","3,821.90","3,964.75","3,810.54","","1.43%"
"03/05/2023","3,861.59","4,054.18","4,078.60","3,845.20","","-4.55%"
"02/26/2023","4,045.64","4,005.60","4,048.61","3,926.71","","1.90%"
"02/19/2023","3,970.04","4,038.48","4,046.98","3,942.86","","-2.67%"
"02/12/2023","4,079.09","4,097.78","4,159.93","4,047.95","","-0.28%"
"02/05/2023","4,090.46","4,109.85","4,177.10","4,060.58","","-1.11%"
"01/29/2023","4,136.48","4,039.53","4,195.34","4,015.70","","1.62%"
"01/22/2023","4,070.56","3,980.60","4,094.32","3,949.00","","2.47%"
"01/15/2023","3,972.61","3,999.63","4,015.63","3,885.30","","-0.66%"
"01/08/2023","3,999.09","3,917.80","4,004.20","3,876.40","","2.67%"
"01/01/2023","3,895.08","3,858.38","3,907.00","3,793.67","","1.45%"
"12/25/2022","3,839.50","3,845.30","3,858.31","3,780.20","","-0.14%"
"12/18/2022","3,844.82","3,851.34","3,890.80","3,764.14","","-0.20%"
"12/11/2022","3,852.36","3,943.00","4,103.05","3,826.10","","-2.08%"
"12/04/2022","3,934.38","4,042.00","4,051.75","3,918.40","","-3.37%"
"11/27/2022","4,071.70","3,994.60","4,099.40","3,937.50","","1.13%"
"11/20/2022","4,026.12","3,953.69","4,034.00","3,932.55","","1.53%"
"11/13/2022","3,965.34","3,973.63","4,029.99","3,906.26","","-0.69%"
"11/06/2022","3,992.93","3,786.60","4,001.60","3,743.85","","5.90%"
"10/30/2022","3,770.55","3,873.55","3,913.62","3,695.60","","-3.35%"
"10/23/2022","3,901.06","3,770.75","3,906.05","3,741.38","","3.95%"
"10/16/2022","3,752.75","3,652.35","3,764.55","3,646.34","","4.74%"
"10/09/2022","3,583.07","3,651.20","3,711.73","3,490.00","","-1.55%"
"10/02/2022","3,639.66","3,624.07","3,807.35","3,605.60","","1.51%"
"09/25/2022","3,585.62","3,677.70","3,736.65","3,585.40","","-2.91%"
"09/18/2022","3,693.23","3,838.00","3,907.68","3,646.35","","-4.65%"
"09/11/2022","3,873.33","4,089.90","4,119.69","3,836.15","","-4.77%"
"09/04/2022","4,067.36","3,935.35","4,077.00","3,887.33","","3.65%"
"08/28/2022","3,924.26","4,026.84","4,063.55","3,903.00","","-3.29%"
"08/21/2022","4,057.66","4,176.67","4,204.63","4,057.66","","-4.04%"
"08/14/2022","4,228.48","4,256.53","4,325.50","4,218.60","","-1.21%"
"08/07/2022","4,280.15","4,162.69","4,280.15","4,111.49","","3.26%"
"07/31/2022","4,145.19","4,103.38","4,167.63","4,080.38","","0.36%"
"07/24/2022","4,130.29","3,969.80","4,140.00","3,910.40","","4.26%"
"07/17/2022","3,961.63","3,895.50","4,013.12","3,818.76","","2.55%"
"07/10/2022","3,863.16","3,870.40","3,881.22","3,720.25","","-0.93%"
"07/03/2022","3,899.38","3,772.00","3,918.25","3,740.80","","1.94%"
"06/26/2022","3,825.33","3,924.60","3,945.98","3,736.58","","-2.21%"
"06/19/2022","3,911.74","3,732.13","3,912.87","3,716.13","","6.45%"
"06/12/2022","3,674.84","3,800.54","3,837.97","3,636.82","","-5.79%"
"06/05/2022","3,900.86","4,152.40","4,169.04","3,900.01","","-5.05%"
"05/29/2022","4,108.54","4,139.15","4,177.60","4,073.60","","-1.20%"
"05/22/2022","4,158.24","3,933.89","4,158.29","3,874.77","","6.58%"
"05/15/2022","3,901.36","4,009.20","4,091.10","3,810.50","","-3.05%"
"05/08/2022","4,023.89","4,061.09","4,074.06","3,858.80","","-2.41%"
"05/01/2022","4,123.34","4,132.70","4,307.90","4,062.09","","-0.21%"
"04/24/2022","4,131.93","4,247.36","4,308.50","4,123.87","","-3.27%"
"04/17/2022","4,271.78","4,384.30","4,512.94","4,268.10","","-2.75%"
"04/10/2022","4,392.59","4,458.80","4,471.67","4,381.09","","-2.13%"
"04/03/2022","4,488.28","4,546.50","4,593.90","4,450.00","","-1.27%"
"03/27/2022","4,545.86","4,536.73","4,637.90","4,507.20","","0.06%"
"03/20/2022","4,543.04","4,462.24","4,546.07","4,423.90","","1.79%"
"03/13/2022","4,463.09","4,214.90","4,466.40","4,161.18","","6.16%"
"03/06/2022","4,204.31","4,319.93","4,324.00","4,157.20","","-2.88%"
"02/27/2022","4,328.87","4,326.72","4,416.60","4,280.04","","-1.27%"
"02/20/2022","4,384.62","4,329.23","4,385.80","4,114.50","","0.82%"
"02/13/2022","4,348.87","4,410.70","4,489.40","4,326.99","","-1.58%"
"02/06/2022","4,418.64","4,510.20","4,589.70","4,401.00","","-1.82%"
"01/30/2022","4,500.54","4,423.30","4,595.10","4,411.09","","1.55%"
"01/23/2022","4,431.85","4,328.40","4,454.10","4,221.54","","0.77%"
"01/16/2022","4,397.93","4,612.60","4,614.40","4,395.00","","-5.68%"
"01/09/2022","4,662.85","4,642.60","4,748.61","4,581.80","","-0.30%"
"01/02/2022","4,677.02","4,781.00","4,817.88","4,662.75","","-1.87%"
"12/26/2021","4,766.18","4,740.05","4,808.52","4,739.20","","0.85%"
"12/19/2021","4,725.78","4,562.27","4,740.49","4,530.85","","2.28%"
"12/12/2021","4,620.64","4,707.40","4,732.34","4,599.40","","-1.94%"
"12/05/2021","4,712.02","4,565.70","4,713.60","4,541.53","","3.82%"
"11/28/2021","4,538.43","4,648.68","4,673.07","4,494.20","","-1.22%"
"11/21/2021","4,594.62","4,716.00","4,743.74","4,585.78","","-2.20%"
"11/14/2021","4,697.96","4,696.29","4,718.30","4,672.97","","0.32%"
"11/07/2021","4,682.85","4,709.71","4,714.20","4,630.97","","-0.31%"
"10/31/2021","4,697.53","4,616.47","4,718.35","4,594.80","","2.00%"
"10/24/2021","4,605.38","4,556.00","4,608.70","4,537.38","","1.33%"
"10/17/2021","4,544.90","4,453.57","4,559.70","4,445.90","","1.64%"
"10/10/2021","4,471.37","4,386.35","4,476.30","4,329.40","","1.82%"
"10/03/2021","4,391.36","4,344.35","4,430.59","4,278.70","","0.79%"
"09/26/2021","4,357.05","4,443.10","4,457.25","4,288.05","","-2.21%"
"09/19/2021","4,455.48","4,361.30","4,465.80","4,305.61","","0.51%"
"09/12/2021","4,432.99","4,491.90","4,493.79","4,427.90","","-0.57%"
"09/05/2021","4,458.58","4,532.19","4,532.19","4,457.98","","-1.69%"
"08/29/2021","4,535.43","4,517.20","4,544.58","4,514.40","","0.58%"
"08/22/2021","4,509.37","4,459.30","4,513.40","4,459.30","","1.52%"
"08/15/2021","4,441.67","4,456.10","4,480.01","4,369.20","","-0.59%"
"08/08/2021","4,468.00","4,436.20","4,468.82","4,424.20","","0.71%"
"08/01/2021","4,436.52","4,415.90","4,440.20","4,373.20","","0.94%"
"07/25/2021","4,395.26","4,405.80","4,430.20","4,372.60","","-0.37%"
"07/18/2021","4,411.80","4,273.40","4,415.90","4,232.80","","1.96%"
"07/11/2021","4,327.16","4,372.41","4,393.68","4,322.53","","-0.97%"
"07/04/2021","4,369.55","4,356.46","4,371.60","4,289.37","","0.40%"
"06/27/2021","4,352.34","4,284.90","4,355.43","4,274.67","","1.67%"
"06/20/2021","4,280.70","4,173.40","4,286.12","4,173.40","","2.74%"
"06/13/2021","4,166.45","4,248.31","4,257.16","4,164.40","","-1.91%"
"06/06/2021","4,247.44","4,229.34","4,249.74","4,208.41","","0.41%"
"05/30/2021","4,229.89","4,216.52","4,234.12","4,167.93","","0.61%"
"05/23/2021","4,204.11","4,170.16","4,218.36","4,170.16","","1.16%"
"05/16/2021","4,155.86","4,169.92","4,188.72","4,061.41","","-0.43%"
"05/09/2021","4,173.85","4,228.29","4,236.39","4,056.88","","-1.39%"
"05/02/2021","4,232.60","4,191.98","4,238.04","4,128.59","","1.23%"
"04/25/2021","4,181.17","4,185.03","4,218.78","4,174.85","","0.02%"
"04/18/2021","4,180.17","4,179.80","4,194.17","4,118.38","","-0.13%"
"04/11/2021","4,185.47","4,124.71","4,191.31","4,114.82","","1.37%"
"04/04/2021","4,128.80","4,034.44","4,129.48","4,034.44","","2.71%"
"03/28/2021","4,019.87","3,969.31","4,020.63","3,943.25","","1.14%"
"03/21/2021","3,974.54","3,916.48","3,978.19","3,853.50","","1.57%"
"03/14/2021","3,913.10","3,942.96","3,983.87","3,886.75","","-0.77%"
"03/07/2021","3,943.34","3,844.39","3,960.27","3,819.25","","2.64%"
"02/28/2021","3,841.94","3,842.51","3,914.50","3,723.34","","0.81%"
"02/21/2021","3,811.15","3,885.55","3,928.65","3,789.54","","-2.45%"
"02/14/2021","3,906.71","3,939.61","3,950.43","3,885.03","","-0.71%"
"02/07/2021","3,934.83","3,892.59","3,937.23","3,884.94","","1.23%"
"01/31/2021","3,886.83","3,731.17","3,894.56","3,725.62","","4.65%"
"01/24/2021","3,714.24","3,851.68","3,870.90","3,694.12","","-3.31%"
"01/17/2021","3,841.47","3,781.88","3,861.45","3,780.37","","1.94%"
"01/10/2021","3,768.25","3,803.14","3,823.60","3,749.62","","-1.48%"
"01/03/2021","3,824.68","3,764.61","3,826.69","3,662.71","","1.83%"
"12/27/2020","3,756.07","3,723.03","3,760.20","3,723.03","","1.43%"
"12/20/2020","3,703.06","3,684.28","3,711.24","3,636.48","","-0.17%"
"12/13/2020","3,709.41","3,675.27","3,726.70","3,645.84","","1.25%"
"12/06/2020","3,663.46","3,694.73","3,712.39","3,633.40","","-0.96%"
"11/29/2020","3,699.12","3,634.18","3,699.20","3,594.39","","1.67%"
"11/22/2020","3,638.35","3,566.82","3,644.31","3,552.77","","2.27%"
"11/15/2020","3,557.54","3,600.16","3,628.51","3,543.84","","-0.77%"
"11/08/2020","3,585.15","3,583.04","3,645.99","3,511.91","","2.16%"
"11/01/2020","3,509.44","3,296.20","3,529.05","3,279.74","","7.32%"
"10/25/2020","3,269.96","3,441.42","3,441.42","3,233.94","","-5.64%"
"10/18/2020","3,465.39","3,493.66","3,502.42","3,415.34","","-0.53%"
"10/11/2020","3,483.81","3,500.02","3,549.85","3,440.89","","0.19%"
"10/04/2020","3,477.13","3,367.27","3,482.34","3,354.54","","3.84%"
"09/27/2020","3,348.44","3,333.90","3,397.18","3,323.69","","1.52%"
"09/20/2020","3,298.46","3,285.57","3,323.35","3,209.45","","-0.63%"
"09/13/2020","3,319.47","3,363.56","3,428.92","3,292.40","","-0.64%"
"09/06/2020","3,340.97","3,371.88","3,425.55","3,310.47","","-2.51%"
"08/30/2020","3,426.96","3,509.73","3,588.11","3,349.63","","-2.31%"
"08/23/2020","3,508.01","3,418.09","3,509.23","3,413.13","","3.26%"
"08/16/2020","3,397.16","3,380.86","3,399.96","3,354.69","","0.72%"
"08/09/2020","3,372.85","3,356.04","3,387.89","3,326.44","","0.64%"
"08/02/2020","3,351.28","3,288.26","3,352.54","3,284.53","","2.45%"
"07/26/2020","3,271.12","3,219.84","3,272.17","3,204.13","","1.73%"
"07/19/2020","3,215.63","3,224.29","3,279.99","3,200.05","","-0.28%"
"07/12/2020","3,224.73","3,205.08","3,238.28","3,127.66","","1.25%"
"07/05/2020","3,185.04","3,155.29","3,186.82","3,115.70","","1.76%"
"06/28/2020","3,130.01","3,018.59","3,165.81","2,999.74","","4.02%"
"06/21/2020","3,009.05","3,094.42","3,154.90","3,004.63","","-2.86%"
"06/14/2020","3,097.74","2,993.76","3,155.53","2,965.66","","1.86%"
"06/07/2020","3,041.31","3,199.92","3,233.13","2,984.47","","-4.78%"
"05/31/2020","3,193.93","3,038.78","3,211.72","3,031.54","","4.91%"
"05/24/2020","3,044.31","3,004.08","3,068.67","2,969.75","","3.01%"
"05/17/2020","2,955.45","2,913.86","2,980.29","2,913.86","","3.20%"
"05/10/2020","2,863.70","2,915.46","2,945.82","2,766.64","","-2.26%"
"05/03/2020","2,929.80","2,815.01","2,932.16","2,797.85","","3.50%"
"04/26/2020","2,830.71","2,854.65","2,954.86","2,821.61","","-0.21%"
"04/19/2020","2,836.74","2,845.62","2,868.98","2,727.10","","-1.32%"
"04/12/2020","2,874.56","2,782.46","2,879.22","2,721.17","","3.04%"
"04/05/2020","2,789.82","2,578.28","2,818.57","2,574.57","","12.10%"
"03/29/2020","2,488.65","2,558.98","2,641.39","2,447.49","","-2.08%"
"03/22/2020","2,541.47","2,290.71","2,637.01","2,191.86","","10.26%"
"03/15/2020","2,304.92","2,508.59","2,562.98","2,280.52","","-14.98%"
"03/08/2020","2,711.02","2,863.89","2,882.59","2,478.86","","-8.79%"
"03/01/2020","2,972.37","2,974.28","3,136.72","2,901.54","","0.61%"
"02/23/2020","2,954.22","3,257.61","3,259.81","2,855.84","","-11.49%"
"02/16/2020","3,337.75","3,369.04","3,393.52","3,328.45","","-1.25%"
"02/09/2020","3,380.16","3,318.28","3,385.09","3,317.77","","1.58%"
"02/02/2020","3,327.71","3,235.66","3,347.96","3,235.66","","3.17%"
"01/26/2020","3,225.52","3,247.16","3,293.47","3,214.68","","-2.12%"
"01/19/2020","3,295.47","3,321.03","3,337.77","3,281.53","","-1.03%"
"01/12/2020","3,329.62","3,271.13","3,329.88","3,268.43","","1.97%"
"01/05/2020","3,265.35","3,217.55","3,282.99","3,214.64","","0.94%"
"12/29/2019","3,234.85","3,240.09","3,258.14","3,212.03","","-0.16%"
"12/22/2019","3,240.02","3,226.05","3,247.93","3,220.51","","0.58%"
"12/15/2019","3,221.22","3,183.63","3,225.65","3,183.63","","1.65%"
"12/08/2019","3,168.80","3,141.86","3,182.68","3,126.09","","0.73%"
"12/01/2019","3,145.91","3,143.85","3,150.60","3,070.33","","0.16%"
"11/24/2019","3,140.98","3,117.44","3,154.26","3,117.44","","0.99%"
"11/17/2019","3,110.29","3,117.91","3,127.64","3,091.41","","-0.33%"
"11/10/2019","3,120.46","3,080.33","3,120.46","3,075.82","","0.89%"
"11/03/2019","3,093.08","3,078.96","3,097.77","3,065.89","","0.85%"
"10/27/2019","3,066.91","3,032.12","3,066.95","3,023.19","","1.47%"
"10/20/2019","3,022.55","2,996.48","3,027.39","2,991.21","","1.22%"
"10/13/2019","2,986.20","2,965.81","3,008.29","2,962.94","","0.54%"
"10/06/2019","2,970.27","2,944.23","2,993.28","2,892.66","","0.62%"
"09/29/2019","2,952.01","2,967.07","2,992.53","2,855.94","","-0.33%"
"09/22/2019","2,961.79","2,983.50","3,007.98","2,945.53","","-1.01%"
"09/15/2019","2,992.07","2,996.41","3,021.99","2,978.57","","-0.51%"
"09/08/2019","3,007.39","2,988.43","3,020.74","2,957.01","","0.96%"
"09/01/2019","2,978.71","2,909.01","2,985.86","2,891.85","","1.79%"
"08/25/2019","2,926.46","2,866.70","2,940.43","2,853.05","","2.79%"
"08/18/2019","2,847.11","2,913.48","2,939.08","2,834.97","","-1.44%"
"08/11/2019","2,888.68","2,907.07","2,943.31","2,825.51","","-1.03%"
"08/04/2019","2,918.65","2,898.07","2,938.72","2,822.12","","-0.46%"
"07/28/2019","2,932.05","3,024.47","3,025.61","2,914.11","","-3.10%"
"07/21/2019","3,025.86","2,981.93","3,027.98","2,976.65","","1.65%"
"07/14/2019","2,976.61","3,017.80","3,017.80","2,973.09","","-1.23%"
"07/07/2019","3,013.77","2,979.77","3,013.92","2,963.44","","0.78%"
"06/30/2019","2,990.41","2,971.41","2,995.84","2,952.22","","1.65%"
"06/23/2019","2,941.76","2,951.42","2,954.92","2,912.99","","-0.29%"
"06/16/2019","2,950.46","2,889.75","2,964.15","2,887.30","","2.20%"
"06/09/2019","2,886.98","2,885.83","2,910.61","2,874.68","","0.47%"
"06/02/2019","2,873.34","2,751.53","2,884.97","2,728.81","","4.41%"
"05/26/2019","2,752.06","2,830.03","2,840.51","2,750.52","","-2.62%"
"05/19/2019","2,826.06","2,841.94","2,868.88","2,805.49","","-1.17%"
"05/12/2019","2,859.53","2,840.19","2,892.15","2,801.43","","-0.76%"
"05/05/2019","2,881.40","2,908.89","2,937.32","2,825.39","","-2.18%"
"04/28/2019","2,945.64","2,940.58","2,954.13","2,900.50","","0.20%"
"04/21/2019","2,939.88","2,898.78","2,939.88","2,896.35","","1.20%"
"04/14/2019","2,905.03","2,908.32","2,918.00","2,891.90","","-0.08%"
"04/07/2019","2,907.41","2,888.46","2,910.54","2,873.33","","0.51%"
"03/31/2019","2,892.74","2,848.63","2,893.24","2,848.63","","2.06%"
"03/24/2019","2,834.40","2,796.01","2,836.03","2,785.02","","1.20%"
"03/17/2019","2,800.71","2,822.61","2,860.31","2,800.47","","-0.77%"
"03/10/2019","2,822.48","2,747.61","2,830.73","2,747.61","","2.89%"
"03/03/2019","2,743.07","2,814.37","2,816.88","2,722.27","","-2.16%"
"02/24/2019","2,803.69","2,804.35","2,813.49","2,775.13","","0.39%"
"02/17/2019","2,792.67","2,769.28","2,794.20","2,764.55","","0.61%"
"02/10/2019","2,775.60","2,712.40","2,775.66","2,703.79","","2.50%"
"02/03/2019","2,707.88","2,706.49","2,738.98","2,681.83","","0.05%"
"01/27/2019","2,706.53","2,644.97","2,716.66","2,624.06","","1.57%"
"01/20/2019","2,664.76","2,657.88","2,672.38","2,612.86","","-0.22%"
"01/13/2019","2,670.71","2,580.31","2,675.47","2,570.41","","2.87%"
"01/06/2019","2,596.26","2,535.61","2,597.82","2,524.56","","2.54%"
"12/30/2018","2,531.94","2,498.94","2,538.07","2,443.96","","1.86%"
"12/23/2018","2,485.74","2,400.56","2,520.27","2,346.58","","2.86%"
"12/16/2018","2,416.62","2,590.75","2,601.13","2,408.55","","-7.05%"
"12/09/2018","2,599.95","2,630.86","2,685.44","2,583.23","","-1.26%"
"12/02/2018","2,633.08","2,790.50","2,800.18","2,621.53","","-4.60%"
"11/25/2018","2,760.17","2,649.97","2,760.88","2,649.97","","4.85%"
"11/18/2018","2,632.56","2,730.74","2,733.16","2,631.09","","-3.79%"
"11/11/2018","2,736.27","2,773.93","2,775.99","2,670.75","","-1.61%"
"11/04/2018","2,781.01","2,726.37","2,815.15","2,717.94","","2.13%"
"10/28/2018","2,723.06","2,682.65","2,756.55","2,603.54","","2.42%"
"10/21/2018","2,658.69","2,773.94","2,778.94","2,628.16","","-3.94%"
"10/14/2018","2,767.78","2,763.83","2,816.94","2,749.03","","0.02%"
"10/07/2018","2,767.13","2,877.53","2,894.83","2,710.51","","-4.10%"
"09/30/2018","2,885.57","2,926.29","2,939.86","2,869.29","","-0.97%"
"09/23/2018","2,913.98","2,921.83","2,931.15","2,903.28","","-0.54%"
"09/16/2018","2,929.67","2,903.83","2,940.91","2,886.16","","0.85%"
"09/09/2018","2,904.98","2,881.39","2,908.30","2,866.78","","1.16%"
"09/02/2018","2,871.68","2,896.96","2,900.18","2,864.12","","-1.03%"
"08/26/2018","2,901.52","2,884.69","2,916.50","2,884.69","","0.93%"
"08/19/2018","2,874.69","2,853.93","2,876.16","2,850.62","","0.86%"
"08/12/2018","2,850.13","2,835.46","2,855.63","2,802.49","","0.59%"
"08/05/2018","2,833.28","2,840.29","2,863.43","2,825.81","","-0.25%"
"07/29/2018","2,840.35","2,819.00","2,840.38","2,796.34","","0.76%"
"07/22/2018","2,818.82","2,799.17","2,848.03","2,795.14","","0.61%"
"07/15/2018","2,801.83","2,801.43","2,816.76","2,789.24","","0.02%"
"07/08/2018","2,801.31","2,768.51","2,804.53","2,768.51","","1.50%"
"07/01/2018","2,759.82","2,704.95","2,764.41","2,698.95","","1.52%"
"06/24/2018","2,718.37","2,742.94","2,746.09","2,691.99","","-1.33%"
"06/17/2018","2,754.88","2,765.79","2,774.99","2,743.19","","-0.89%"
"06/10/2018","2,779.66","2,780.18","2,791.47","2,761.73","","0.02%"
"06/03/2018","2,779.03","2,741.67","2,779.90","2,739.51","","1.62%"
"05/27/2018","2,734.62","2,705.11","2,736.93","2,676.81","","0.49%"
"05/20/2018","2,721.33","2,725.95","2,742.24","2,707.38","","0.31%"
"05/13/2018","2,712.97","2,733.37","2,742.10","2,701.91","","-0.54%"
"05/06/2018","2,727.72","2,669.36","2,732.86","2,655.20","","2.41%"
"04/29/2018","2,663.42","2,675.05","2,682.92","2,594.62","","-0.24%"
"04/22/2018","2,669.91","2,675.40","2,683.55","2,612.67","","-0.01%"
"04/15/2018","2,670.14","2,670.10","2,717.49","2,660.61","","0.52%"
"04/08/2018","2,656.30","2,617.18","2,680.26","2,610.79","","1.99%"
"04/01/2018","2,604.47","2,633.45","2,672.08","2,553.80","","-1.38%"
"03/25/2018","2,640.87","2,619.35","2,674.78","2,593.06","","2.03%"
"03/18/2018","2,588.26","2,741.38","2,741.38","2,585.89","","-5.95%"
"03/11/2018","2,752.01","2,790.54","2,801.90","2,741.47","","-1.24%"
"03/04/2018","2,786.57","2,681.06","2,786.57","2,675.75","","3.54%"
"02/25/2018","2,691.25","2,757.37","2,789.15","2,647.32","","-2.04%"
"02/18/2018","2,747.30","2,722.99","2,747.76","2,697.77","","0.55%"
"02/11/2018","2,732.22","2,636.75","2,754.42","2,622.45","","4.30%"
"02/04/2018","2,619.55","2,741.06","2,763.39","2,532.69","","-5.16%"
"01/28/2018","2,762.13","2,867.23","2,870.62","2,759.97","","-3.85%"
"01/21/2018","2,872.87","2,809.16","2,872.87","2,808.12","","2.23%"
"01/14/2018","2,810.30","2,798.96","2,810.33","2,768.64","","0.86%"
"01/07/2018","2,786.24","2,742.67","2,787.85","2,736.06","","1.57%"
"12/31/2017","2,743.15","2,683.73","2,743.45","2,682.36","","2.60%"
"12/24/2017","2,673.61","2,679.09","2,692.12","2,673.61","","-0.36%"
"12/17/2017","2,683.34","2,685.92","2,694.97","2,676.11","","0.28%"
"12/10/2017","2,675.81","2,652.19","2,679.63","2,651.47","","0.92%"
"12/03/2017","2,651.50","2,657.19","2,665.19","2,624.75","","0.35%"
"11/26/2017","2,642.22","2,602.66","2,657.74","2,598.87","","1.53%"
"11/19/2017","2,602.42","2,579.49","2,604.21","2,578.24","","0.91%"
"11/12/2017","2,578.85","2,576.53","2,590.09","2,557.45","","-0.13%"
"11/05/2017","2,582.30","2,587.47","2,597.02","2,566.33","","-0.21%"
"10/29/2017","2,587.84","2,577.75","2,588.42","2,566.17","","0.26%"
"10/22/2017","2,581.07","2,578.08","2,582.98","2,544.00","","0.23%"
"10/15/2017","2,575.21","2,555.57","2,575.44","2,547.92","","0.86%"
"10/08/2017","2,553.17","2,551.39","2,557.65","2,541.60","","0.15%"
"10/01/2017","2,549.33","2,521.20","2,552.51","2,520.40","","1.19%"
"09/24/2017","2,519.36","2,499.39","2,519.44","2,488.03","","0.68%"
"09/17/2017","2,502.22","2,502.51","2,508.85","2,496.54","","0.08%"
"09/10/2017","2,500.23","2,474.52","2,500.23","2,474.52","","1.58%"
"09/03/2017","2,461.43","2,470.35","2,471.97","2,446.55","","-0.61%"
"08/27/2017","2,476.55","2,447.35","2,480.38","2,428.20","","1.37%"
"08/20/2017","2,443.05","2,425.50","2,454.77","2,417.35","","0.72%"
"08/13/2017","2,425.55","2,454.96","2,474.93","2,420.69","","-0.65%"
"08/06/2017","2,441.32","2,477.14","2,490.87","2,437.75","","-1.43%"
"07/30/2017","2,476.83","2,475.94","2,480.38","2,466.48","","0.19%"
"07/23/2017","2,472.10","2,472.04","2,484.04","2,459.93","","-0.02%"
"07/16/2017","2,472.54","2,459.50","2,477.62","2,450.34","","0.54%"
"07/09/2017","2,459.27","2,424.51","2,463.54","2,412.79","","1.41%"
"07/02/2017","2,425.18","2,431.39","2,439.17","2,407.70","","0.07%"
"06/25/2017","2,423.41","2,443.32","2,450.42","2,405.70","","-0.61%"
"06/18/2017","2,438.30","2,442.55","2,453.82","2,430.74","","0.21%"
"06/11/2017","2,433.15","2,425.88","2,443.75","2,418.53","","0.06%"
"06/04/2017","2,431.77","2,437.83","2,446.20","2,415.70","","-0.30%"
"05/28/2017","2,439.07","2,411.67","2,440.23","2,403.59","","0.96%"
"05/21/2017","2,415.82","2,387.21","2,418.71","2,386.92","","1.43%"
"05/14/2017","2,381.73","2,393.98","2,405.77","2,352.72","","-0.38%"
"05/07/2017","2,390.90","2,399.94","2,403.87","2,381.74","","-0.35%"
"04/30/2017","2,399.29","2,388.50","2,399.29","2,379.75","","0.63%"
"04/23/2017","2,384.20","2,370.33","2,398.16","2,369.19","","1.51%"
"04/16/2017","2,348.69","2,332.62","2,361.37","2,332.51","","0.85%"
"04/09/2017","2,328.95","2,357.16","2,366.37","2,328.95","","-1.13%"
"04/02/2017","2,355.54","2,362.34","2,378.36","2,344.73","","-0.30%"
"03/26/2017","2,362.72","2,329.11","2,370.42","2,322.25","","0.80%"
"03/19/2017","2,343.98","2,378.24","2,381.93","2,335.74","","-1.44%"
"03/12/2017","2,378.25","2,371.56","2,390.01","2,358.18","","0.24%"
"03/05/2017","2,372.60","2,375.23","2,378.80","2,354.54","","-0.44%"
"02/26/2017","2,383.12","2,365.23","2,400.98","2,358.96","","0.67%"
"02/19/2017","2,367.34","2,354.91","2,368.26","2,352.87","","0.69%"
"02/12/2017","2,351.16","2,321.72","2,351.31","2,321.42","","1.51%"
"02/05/2017","2,316.10","2,294.28","2,319.23","2,285.38","","0.81%"
"01/29/2017","2,297.42","2,286.01","2,298.31","2,267.21","","0.12%"
"01/22/2017","2,294.69","2,267.78","2,300.99","2,257.02","","1.03%"
"01/15/2017","2,271.31","2,269.14","2,276.96","2,258.41","","-0.15%"
"01/08/2017","2,274.64","2,273.59","2,279.27","2,254.25","","-0.10%"
"01/01/2017","2,276.98","2,251.57","2,282.10","2,245.13","","1.70%"
"12/25/2016","2,238.83","2,266.23","2,273.82","2,233.62","","-1.10%"
"12/18/2016","2,263.79","2,259.24","2,272.56","2,256.08","","0.25%"
"12/11/2016","2,258.07","2,258.83","2,277.53","2,248.44","","-0.06%"
"12/04/2016","2,259.53","2,200.65","2,259.80","2,199.97","","3.08%"
"11/27/2016","2,191.95","2,210.21","2,214.10","2,187.44","","-0.97%"
"11/20/2016","2,213.35","2,186.43","2,213.35","2,186.43","","1.44%"
"11/13/2016","2,181.90","2,165.64","2,189.89","2,156.08","","0.81%"
"11/06/2016","2,164.45","2,100.59","2,182.30","2,100.59","","3.80%"
"10/30/2016","2,085.18","2,129.78","2,133.25","2,083.79","","-1.94%"
"10/23/2016","2,126.41","2,148.50","2,154.79","2,119.36","","-0.69%"
"10/16/2016","2,141.16","2,132.95","2,148.44","2,124.43","","0.38%"
"10/09/2016","2,132.98","2,160.39","2,169.60","2,114.72","","-0.96%"
"10/02/2016","2,153.74","2,164.33","2,165.86","2,144.01","","-0.67%"
"09/25/2016","2,168.27","2,158.54","2,175.30","2,141.55","","0.17%"
"09/18/2016","2,164.69","2,143.99","2,179.99","2,135.91","","1.19%"
"09/11/2016","2,139.16","2,120.86","2,163.30","2,119.12","","0.53%"
"09/04/2016","2,127.81","2,181.61","2,187.87","2,127.81","","-2.39%"
"08/28/2016","2,179.98","2,170.19","2,184.87","2,157.09","","0.50%"
"08/21/2016","2,169.04","2,181.58","2,193.42","2,160.39","","-0.68%"
"08/14/2016","2,183.87","2,186.08","2,193.81","2,168.50","","-0.01%"
"08/07/2016","2,184.05","2,183.76","2,188.45","2,172.00","","0.05%"
"07/31/2016","2,182.87","2,173.15","2,182.87","2,147.58","","0.43%"
"07/24/2016","2,173.60","2,173.71","2,177.09","2,159.07","","-0.07%"
"07/17/2016","2,175.03","2,162.04","2,175.63","2,159.01","","0.61%"
"07/10/2016","2,161.74","2,131.72","2,169.05","2,131.72","","1.49%"
"07/03/2016","2,129.90","2,095.05","2,131.71","2,074.02","","1.28%"
"06/26/2016","2,102.95","2,031.45","2,108.71","1,991.68","","3.22%"
"06/19/2016","2,037.41","2,075.58","2,113.32","2,032.57","","-1.63%"
"06/12/2016","2,071.22","2,091.75","2,098.12","2,050.37","","-1.19%"
"06/05/2016","2,096.07","2,100.83","2,120.55","2,089.96","","-0.15%"
"05/29/2016","2,099.13","2,100.13","2,105.26","2,085.10","","0.00%"
"05/22/2016","2,099.06","2,052.23","2,099.06","2,047.26","","2.28%"
"05/15/2016","2,052.32","2,046.53","2,071.88","2,025.91","","0.28%"
"05/08/2016","2,046.61","2,057.55","2,084.87","2,043.13","","-0.51%"
"05/01/2016","2,057.14","2,067.17","2,083.42","2,039.45","","-0.40%"
"04/24/2016","2,065.30","2,089.37","2,099.89","2,052.28","","-1.26%"
"04/17/2016","2,091.58","2,078.83","2,111.05","2,073.65","","0.52%"
"04/10/2016","2,080.73","2,050.23","2,087.84","2,039.74","","1.62%"
"04/03/2016","2,047.60","2,073.19","2,074.02","2,033.80","","-1.21%"
"03/27/2016","2,072.78","2,037.89","2,075.07","2,028.31","","1.81%"
"03/20/2016","2,035.94","2,047.88","2,056.60","2,022.49","","-0.67%"
"03/13/2016","2,049.58","2,019.27","2,052.36","2,005.23","","1.35%"
"03/06/2016","2,022.19","1,996.11","2,022.37","1,969.25","","1.11%"
"02/28/2016","1,999.99","1,947.13","2,009.13","1,931.81","","2.67%"
"02/21/2016","1,948.05","1,924.44","1,962.96","1,891.00","","1.58%"
"02/14/2016","1,917.78","1,871.44","1,930.68","1,871.44","","2.84%"
"02/07/2016","1,864.78","1,873.25","1,881.60","1,810.10","","-0.81%"
"01/31/2016","1,880.05","1,936.94","1,947.20","1,872.23","","-3.10%"
"01/24/2016","1,940.24","1,906.28","1,940.24","1,872.70","","1.75%"
"01/17/2016","1,906.90","1,888.66","1,908.85","1,812.29","","1.41%"
"01/10/2016","1,880.33","1,926.12","1,950.33","1,857.83","","-2.17%"
"01/03/2016","1,922.03","2,038.20","2,038.20","1,918.46","","-5.96%"
"12/27/2015","2,043.94","2,057.77","2,081.56","2,043.62","","-0.83%"
"12/20/2015","2,060.99","2,010.27","2,067.36","2,005.93","","2.76%"
"12/13/2015","2,005.55","2,013.37","2,076.72","1,993.26","","-0.34%"
"12/06/2015","2,012.37","2,090.42","2,090.42","2,008.80","","-3.79%"
"11/29/2015","2,091.69","2,090.95","2,104.27","2,042.35","","0.08%"
"11/22/2015","2,090.11","2,089.41","2,095.61","2,070.29","","0.05%"
"11/15/2015","2,089.17","2,022.08","2,097.06","2,019.39","","3.27%"
"11/08/2015","2,023.04","2,096.56","2,096.56","2,022.02","","-3.63%"
"11/01/2015","2,099.20","2,080.76","2,116.48","2,080.76","","0.95%"
"10/25/2015","2,079.36","2,075.08","2,094.32","2,058.84","","0.20%"
"10/18/2015","2,075.15","2,031.73","2,079.74","2,017.22","","2.07%"
"10/11/2015","2,033.11","2,015.65","2,033.54","1,990.73","","0.90%"
"10/04/2015","2,014.89","1,954.33","2,020.13","1,954.33","","3.26%"
"09/27/2015","1,951.36","1,929.18","1,951.36","1,871.91","","1.04%"
"09/20/2015","1,931.34","1,960.84","1,979.64","1,908.92","","-1.36%"
"09/13/2015","1,958.03","1,963.06","2,020.86","1,948.27","","-0.15%"
"09/06/2015","1,961.05","1,927.30","1,988.63","1,927.30","","2.07%"
"08/30/2015","1,921.22","1,986.73","1,986.73","1,903.07","","-3.40%"
"08/23/2015","1,988.87","1,965.15","1,993.48","1,867.01","","0.91%"
"08/16/2015","1,970.89","2,089.70","2,103.47","1,970.89","","-5.77%"
"08/09/2015","2,091.54","2,080.98","2,105.35","2,052.09","","0.67%"
"08/02/2015","2,077.57","2,104.49","2,112.66","2,067.91","","-1.25%"
"07/26/2015","2,103.84","2,078.19","2,114.24","2,063.52","","1.16%"
"07/19/2015","2,079.65","2,126.85","2,132.82","2,077.09","","-2.21%"
"07/12/2015","2,126.64","2,080.03","2,128.91","2,080.03","","2.41%"
"07/05/2015","2,076.62","2,073.95","2,083.74","2,044.02","","-0.01%"
"06/28/2015","2,076.78","2,098.63","2,098.63","2,056.32","","-1.18%"
"06/21/2015","2,101.49","2,112.50","2,129.87","2,095.38","","-0.40%"
"06/14/2015","2,109.99","2,091.34","2,126.65","2,072.49","","0.76%"
"06/07/2015","2,094.11","2,092.34","2,115.02","2,072.14","","0.06%"
"05/31/2015","2,092.83","2,108.64","2,121.92","2,085.67","","-0.69%"
"05/24/2015","2,107.39","2,125.34","2,126.22","2,099.18","","-0.88%"
"05/17/2015","2,126.06","2,121.30","2,134.72","2,120.01","","0.16%"
"05/10/2015","2,122.73","2,115.56","2,123.89","2,085.57","","0.31%"
"05/03/2015","2,116.10","2,110.23","2,120.95","2,067.93","","0.37%"
"04/26/2015","2,108.29","2,119.29","2,125.92","2,077.59","","-0.44%"
"04/19/2015","2,117.69","2,084.11","2,120.92","2,084.11","","1.75%"
"04/12/2015","2,081.18","2,102.03","2,111.91","2,072.37","","-0.99%"
"04/05/2015","2,102.06","2,064.87","2,102.61","2,056.52","","1.70%"
"03/29/2015","2,066.96","2,064.11","2,088.97","2,048.38","","0.29%"
"03/22/2015","2,061.02","2,107.99","2,114.86","2,045.50","","-2.23%"
"03/15/2015","2,108.10","2,055.35","2,113.92","2,055.35","","2.66%"
"03/08/2015","2,053.40","2,072.25","2,083.49","2,039.69","","-0.86%"
"03/01/2015","2,071.26","2,105.23","2,117.52","2,067.27","","-1.58%"
"02/22/2015","2,104.50","2,109.83","2,119.59","2,103.00","","-0.27%"
"02/15/2015","2,110.30","2,096.47","2,110.61","2,085.44","","0.63%"
"02/08/2015","2,096.99","2,053.47","2,097.03","2,041.88","","2.02%"
"02/01/2015","2,055.47","1,996.67","2,072.40","1,980.90","","3.03%"
"01/25/2015","1,994.99","2,050.42","2,057.62","1,989.18","","-2.77%"
"01/18/2015","2,051.82","2,020.76","2,064.62","2,004.49","","1.60%"
"01/11/2015","2,019.42","2,046.13","2,056.93","1,988.12","","-1.24%"
"01/04/2015","2,044.81","2,054.44","2,064.43","1,992.44","","-0.65%"
"12/28/2014","2,058.20","2,087.63","2,093.55","2,046.04","","-1.46%"
"12/21/2014","2,088.77","2,069.28","2,092.70","2,069.28","","0.88%"
"12/14/2014","2,070.65","2,005.03","2,077.85","1,972.56","","3.41%"
"12/07/2014","2,002.33","2,074.84","2,075.78","2,002.33","","-3.52%"
"11/30/2014","2,075.37","2,065.78","2,079.47","2,049.57","","0.38%"
"11/23/2014","2,067.56","2,065.07","2,075.76","2,064.75","","0.20%"
"11/16/2014","2,063.50","2,038.29","2,071.46","2,034.46","","1.16%"
"11/09/2014","2,039.82","2,032.01","2,046.18","2,030.17","","0.39%"
"11/02/2014","2,031.92","2,018.21","2,034.26","2,001.01","","0.69%"
"10/26/2014","2,018.05","1,962.97","2,018.19","1,951.37","","2.72%"
"10/19/2014","1,964.58","1,885.62","1,965.27","1,882.30","","4.12%"
"10/12/2014","1,886.76","1,905.65","1,912.09","1,820.66","","-1.02%"
"10/05/2014","1,906.13","1,970.01","1,977.84","1,906.05","","-3.14%"
"09/28/2014","1,967.90","1,978.96","1,985.17","1,926.03","","-0.75%"
"09/21/2014","1,982.85","2,009.08","2,009.08","1,965.99","","-1.37%"
"09/14/2014","2,010.40","1,986.04","2,019.26","1,978.48","","1.25%"
"09/07/2014","1,985.54","2,007.17","2,007.17","1,980.26","","-1.10%"
"08/31/2014","2,007.71","2,004.07","2,011.17","1,990.10","","0.22%"
"08/24/2014","2,003.37","1,991.74","2,005.04","1,990.52","","0.75%"
"08/17/2014","1,988.40","1,958.36","1,994.76","1,958.36","","1.71%"
"08/10/2014","1,955.06","1,933.43","1,964.04","1,928.29","","1.22%"
"08/03/2014","1,931.59","1,926.62","1,942.92","1,904.78","","0.33%"
"07/27/2014","1,925.15","1,978.25","1,984.85","1,916.37","","-2.69%"
"07/20/2014","1,978.34","1,976.93","1,991.39","1,965.77","","0.01%"
"07/13/2014","1,978.22","1,969.86","1,983.94","1,955.59","","0.54%"
"07/06/2014","1,967.57","1,984.22","1,984.22","1,952.86","","-0.90%"
"06/29/2014","1,985.44","1,960.79","1,985.59","1,958.22","","1.25%"
"06/22/2014","1,960.96","1,962.92","1,968.17","1,944.69","","-0.10%"
"06/15/2014","1,962.87","1,934.84","1,963.91","1,930.91","","1.38%"
"06/08/2014","1,936.16","1,948.97","1,955.55","1,925.78","","-0.68%"
"06/01/2014","1,949.44","1,923.87","1,949.44","1,915.98","","1.34%"
"05/25/2014","1,923.57","1,902.01","1,924.03","1,902.01","","1.21%"
"05/18/2014","1,900.53","1,876.66","1,901.26","1,868.14","","1.21%"
"05/11/2014","1,877.86","1,880.03","1,902.17","1,862.36","","-0.03%"
"05/04/2014","1,878.48","1,879.45","1,889.07","1,859.79","","-0.14%"
"04/27/2014","1,881.14","1,865.00","1,891.33","1,850.61","","0.95%"
"04/20/2014","1,863.40","1,865.79","1,884.89","1,859.70","","-0.08%"
"04/13/2014","1,864.85","1,818.18","1,869.63","1,815.80","","2.71%"
"04/06/2014","1,815.69","1,863.92","1,872.53","1,814.36","","-2.65%"
"03/30/2014","1,865.09","1,859.16","1,897.28","1,859.16","","0.40%"
"03/23/2014","1,857.62","1,867.67","1,875.92","1,842.11","","-0.48%"
"03/16/2014","1,866.52","1,842.81","1,883.97","1,842.81","","1.38%"
"03/09/2014","1,841.13","1,877.86","1,882.35","1,839.57","","-1.97%"
"03/02/2014","1,878.04","1,857.68","1,883.57","1,834.44","","1.00%"
"02/23/2014","1,859.45","1,836.78","1,867.92","1,836.78","","1.26%"
"02/16/2014","1,836.25","1,839.03","1,847.50","1,824.58","","-0.13%"
"02/09/2014","1,838.63","1,796.20","1,841.65","1,791.83","","2.32%"
"02/02/2014","1,797.02","1,782.68","1,798.03","1,737.92","","0.81%"
"01/26/2014","1,782.59","1,791.03","1,798.77","1,770.45","","-0.43%"
"01/19/2014","1,790.29","1,841.05","1,849.31","1,790.29","","-2.63%"
"01/12/2014","1,838.70","1,841.26","1,850.84","1,815.52","","-0.20%"
"01/05/2014","1,842.37","1,832.31","1,843.23","1,823.73","","0.60%"
"12/29/2013","1,831.37","1,841.47","1,849.44","1,827.74","","-0.54%"
"12/22/2013","1,841.40","1,822.92","1,844.89","1,822.92","","1.27%"
"12/15/2013","1,818.32","1,777.48","1,823.75","1,767.99","","2.42%"
"12/08/2013","1,775.32","1,806.21","1,811.52","1,772.28","","-1.65%"
"12/01/2013","1,805.09","1,806.55","1,810.02","1,779.09","","-0.04%"
"11/24/2013","1,805.81","1,806.33","1,813.55","1,800.58","","0.06%"
"11/17/2013","1,804.76","1,798.82","1,804.84","1,777.23","","0.37%"
"11/10/2013","1,798.18","1,769.96","1,798.22","1,760.64","","1.56%"
"11/03/2013","1,770.61","1,763.40","1,774.54","1,746.20","","0.51%"
"10/27/2013","1,761.64","1,759.42","1,775.22","1,752.70","","0.11%"
"10/20/2013","1,759.77","1,745.20","1,759.82","1,740.50","","0.88%"
"10/13/2013","1,744.50","1,699.86","1,745.31","1,692.13","","2.42%"
"10/06/2013","1,703.20","1,687.15","1,703.44","1,646.47","","0.75%"
"09/29/2013","1,690.50","1,687.26","1,696.55","1,670.36","","-0.07%"
"09/22/2013","1,691.75","1,711.44","1,711.44","1,687.11","","-1.06%"
"09/15/2013","1,709.91","1,691.70","1,729.86","1,691.70","","1.30%"
"09/08/2013","1,687.99","1,656.85","1,689.97","1,656.85","","1.98%"
"09/01/2013","1,655.17","1,635.95","1,664.83","1,633.41","","1.36%"
"08/25/2013","1,632.97","1,664.29","1,669.51","1,627.47","","-1.84%"
"08/18/2013","1,663.50","1,655.25","1,664.85","1,639.43","","0.46%"
"08/11/2013","1,655.83","1,688.37","1,696.81","1,652.61","","-2.10%"
"08/04/2013","1,691.42","1,708.01","1,709.24","1,684.91","","-1.07%"
"07/28/2013","1,709.67","1,690.32","1,709.67","1,681.86","","1.07%"
"07/21/2013","1,691.65","1,694.41","1,698.78","1,676.03","","-0.03%"
"07/14/2013","1,692.09","1,679.59","1,693.12","1,671.84","","0.71%"
"07/07/2013","1,680.19","1,634.20","1,680.19","1,634.20","","2.96%"
"06/30/2013","1,631.89","1,609.78","1,632.07","1,604.57","","1.59%"
"06/23/2013","1,606.28","1,588.77","1,620.07","1,560.33","","0.87%"
"06/16/2013","1,592.43","1,630.64","1,654.19","1,577.70","","-2.11%"
"06/09/2013","1,626.73","1,644.67","1,648.69","1,608.07","","-1.01%"
"06/02/2013","1,643.38","1,631.71","1,646.53","1,598.23","","0.78%"
"05/26/2013","1,630.74","1,652.63","1,674.21","1,630.74","","-1.14%"
"05/19/2013","1,649.60","1,665.71","1,687.18","1,635.53","","-1.07%"
"05/12/2013","1,667.47","1,632.10","1,667.47","1,626.74","","2.07%"
"05/05/2013","1,633.70","1,614.40","1,635.01","1,614.21","","1.19%"
"04/28/2013","1,614.42","1,582.34","1,618.46","1,581.28","","2.03%"
"04/21/2013","1,582.24","1,555.25","1,592.64","1,548.19","","1.74%"
"04/14/2013","1,555.25","1,588.84","1,588.84","1,536.03","","-2.11%"
"04/07/2013","1,588.85","1,553.26","1,597.35","1,548.63","","2.29%"
"03/31/2013","1,553.28","1,569.18","1,573.66","1,539.50","","-1.01%"
"03/24/2013","1,569.19","1,556.89","1,570.28","1,546.22","","0.79%"
"03/17/2013","1,556.89","1,560.70","1,561.56","1,538.57","","-0.24%"
"03/10/2013","1,560.70","1,551.15","1,563.62","1,547.36","","0.61%"
"03/03/2013","1,551.18","1,518.20","1,552.48","1,512.29","","2.17%"
"02/24/2013","1,518.20","1,515.60","1,525.84","1,485.01","","0.17%"
"02/17/2013","1,515.60","1,519.79","1,530.94","1,497.29","","-0.28%"
"02/10/2013","1,519.79","1,517.93","1,524.69","1,513.61","","0.12%"
"02/03/2013","1,517.93","1,513.17","1,518.31","1,495.02","","0.31%"
"01/27/2013","1,513.17","1,502.96","1,514.41","1,496.33","","0.68%"
"01/20/2013","1,502.96","1,485.98","1,503.26","1,481.16","","1.14%"
"01/13/2013","1,485.98","1,472.05","1,485.98","1,463.76","","0.95%"
"01/06/2013","1,472.05","1,466.47","1,472.75","1,451.64","","0.38%"
"12/30/2012","1,466.47","1,402.43","1,467.94","1,398.11","","4.57%"
"12/23/2012","1,402.43","1,430.15","1,430.15","1,401.58","","-1.94%"
"12/16/2012","1,430.15","1,413.54","1,448.00","1,413.54","","1.17%"
"12/09/2012","1,413.58","1,418.07","1,438.59","1,411.88","","-0.32%"
"12/02/2012","1,418.07","1,416.34","1,423.73","1,398.23","","0.13%"
"11/25/2012","1,416.18","1,409.15","1,419.70","1,385.43","","0.50%"
"11/18/2012","1,409.15","1,359.88","1,409.16","1,359.88","","3.62%"
"11/11/2012","1,359.88","1,379.86","1,388.81","1,343.35","","-1.45%"
"11/04/2012","1,379.85","1,414.02","1,433.38","1,373.03","","-2.43%"
"10/28/2012","1,414.20","1,410.99","1,434.27","1,405.95","","0.16%"
"10/21/2012","1,411.94","1,433.21","1,435.46","1,403.28","","-1.48%"
"10/14/2012","1,433.19","1,428.75","1,464.02","1,427.24","","0.32%"
"10/07/2012","1,428.59","1,460.93","1,460.93","1,425.53","","-2.21%"
"09/30/2012","1,460.93","1,440.90","1,470.96","1,439.01","","1.41%"
"09/23/2012","1,440.67","1,459.76","1,463.24","1,430.53","","-1.33%"
"09/16/2012","1,460.15","1,465.42","1,467.07","1,449.98","","-0.38%"
"09/09/2012","1,465.77","1,437.92","1,474.51","1,428.98","","1.94%"
"09/02/2012","1,437.92","1,406.54","1,437.92","1,396.56","","2.23%"
"08/26/2012","1,406.58","1,411.13","1,416.17","1,397.01","","-0.32%"
"08/19/2012","1,411.13","1,417.85","1,426.68","1,398.04","","-0.50%"
"08/12/2012","1,418.16","1,405.87","1,418.71","1,397.32","","0.87%"
"08/05/2012","1,405.87","1,391.04","1,407.14","1,391.04","","1.07%"
"07/29/2012","1,390.99","1,385.94","1,394.16","1,354.65","","0.36%"
"07/22/2012","1,385.97","1,362.34","1,389.19","1,329.24","","1.71%"
"07/15/2012","1,362.66","1,356.50","1,380.39","1,345.07","","0.43%"
"07/08/2012","1,356.78","1,354.66","1,361.54","1,325.41","","0.16%"
"07/01/2012","1,354.68","1,362.33","1,374.81","1,348.03","","-0.55%"
"06/24/2012","1,362.16","1,334.90","1,362.17","1,309.27","","2.03%"
"06/17/2012","1,335.02","1,342.42","1,363.46","1,324.41","","-0.58%"
"06/10/2012","1,342.84","1,325.72","1,343.32","1,306.62","","1.30%"
"06/03/2012","1,325.66","1,278.29","1,329.05","1,266.74","","3.73%"
"05/27/2012","1,278.04","1,318.90","1,334.93","1,277.25","","-3.02%"
"05/20/2012","1,317.82","1,295.73","1,328.49","1,295.73","","1.74%"
"05/13/2012","1,295.22","1,351.93","1,351.93","1,291.98","","-4.30%"
"05/06/2012","1,353.39","1,368.79","1,373.91","1,343.13","","-1.15%"
"04/29/2012","1,369.10","1,403.26","1,415.32","1,367.96","","-2.44%"
"04/22/2012","1,403.36","1,378.53","1,406.64","1,358.79","","1.80%"
"04/15/2012","1,378.53","1,370.27","1,392.76","1,365.38","","0.60%"
"04/08/2012","1,370.26","1,397.45","1,397.45","1,357.38","","-1.99%"
"04/01/2012","1,398.08","1,408.47","1,422.38","1,392.92","","-0.74%"
"03/25/2012","1,408.47","1,397.11","1,419.15","1,391.56","","0.81%"
"03/18/2012","1,397.11","1,404.17","1,414.00","1,386.87","","-0.50%"
"03/11/2012","1,404.17","1,370.78","1,405.88","1,366.69","","2.43%"
"03/04/2012","1,370.87","1,369.59","1,374.76","1,340.03","","0.09%"
"02/26/2012","1,369.63","1,365.20","1,378.04","1,354.92","","0.28%"
"02/19/2012","1,365.74","1,361.22","1,368.92","1,352.28","","0.33%"
"02/12/2012","1,361.23","1,343.06","1,363.40","1,340.80","","1.38%"
"02/05/2012","1,342.64","1,344.32","1,354.32","1,335.92","","-0.17%"
"01/29/2012","1,344.90","1,316.16","1,345.34","1,300.49","","2.17%"
"01/22/2012","1,316.33","1,315.29","1,333.47","1,306.06","","0.07%"
"01/15/2012","1,315.38","1,290.22","1,315.49","1,290.22","","2.04%"
"01/08/2012","1,289.09","1,277.83","1,296.82","1,274.55","","0.88%"
"01/01/2012","1,277.81","1,258.86","1,284.62","1,258.86","","1.61%"
"12/25/2011","1,257.60","1,265.02","1,269.37","1,248.64","","-0.61%"
"12/18/2011","1,265.33","1,219.74","1,265.42","1,202.37","","3.74%"
"12/11/2011","1,219.66","1,255.05","1,255.05","1,209.47","","-2.83%"
"12/04/2011","1,255.19","1,244.33","1,267.06","1,231.47","","0.88%"
"11/27/2011","1,244.28","1,158.67","1,260.08","1,158.67","","7.39%"
"11/20/2011","1,158.67","1,215.62","1,215.62","1,158.66","","-4.69%"
"11/13/2011","1,215.65","1,263.85","1,264.25","1,209.43","","-3.81%"
"11/06/2011","1,263.85","1,253.21","1,277.55","1,226.64","","0.85%"
"10/30/2011","1,253.23","1,284.96","1,284.96","1,215.42","","-2.48%"
"10/23/2011","1,285.09","1,238.72","1,292.66","1,221.06","","3.78%"
"10/16/2011","1,238.25","1,224.47","1,239.03","1,191.48","","1.12%"
"10/09/2011","1,224.58","1,158.15","1,224.61","1,158.15","","5.98%"
"10/02/2011","1,155.46","1,131.21","1,171.40","1,074.77","","2.12%"
"09/25/2011","1,131.42","1,136.91","1,195.86","1,131.07","","-0.44%"
"09/18/2011","1,136.43","1,214.99","1,220.39","1,114.22","","-6.54%"
"09/11/2011","1,216.01","1,153.50","1,220.06","1,136.07","","5.35%"
"09/04/2011","1,154.23","1,173.97","1,204.40","1,140.13","","-1.68%"
"08/28/2011","1,173.97","1,177.91","1,230.71","1,170.56","","-0.24%"
"08/21/2011","1,176.80","1,123.55","1,190.68","1,121.09","","4.74%"
"08/14/2011","1,123.53","1,178.86","1,208.47","1,122.05","","-4.69%"
"08/07/2011","1,178.81","1,198.48","1,198.48","1,101.54","","-1.72%"
"07/31/2011","1,199.38","1,292.59","1,307.38","1,168.09","","-7.19%"
"07/24/2011","1,292.28","1,344.32","1,344.32","1,282.86","","-3.92%"
"07/17/2011","1,345.02","1,315.94","1,347.00","1,295.92","","2.19%"
"07/10/2011","1,316.14","1,343.31","1,343.31","1,306.51","","-2.06%"
"07/03/2011","1,343.80","1,339.59","1,356.48","1,330.92","","0.31%"
"06/26/2011","1,339.67","1,268.44","1,341.01","1,267.53","","5.61%"
"06/19/2011","1,268.45","1,271.50","1,298.61","1,262.87","","-0.24%"
"06/12/2011","1,271.50","1,271.31","1,292.50","1,258.07","","0.04%"
"06/05/2011","1,270.98","1,300.26","1,300.26","1,268.28","","-2.24%"
"05/29/2011","1,300.16","1,331.10","1,345.20","1,297.90","","-2.32%"
"05/22/2011","1,331.10","1,333.07","1,334.62","1,311.80","","-0.16%"
"05/15/2011","1,333.27","1,334.77","1,346.82","1,318.51","","-0.34%"
"05/08/2011","1,337.78","1,340.20","1,359.44","1,332.03","","-0.18%"
"05/01/2011","1,340.20","1,365.21","1,370.58","1,329.17","","-1.72%"
"04/24/2011","1,363.61","1,337.14","1,364.56","1,331.47","","1.96%"
"04/17/2011","1,337.38","1,313.35","1,337.49","1,294.70","","1.34%"
"04/10/2011","1,319.68","1,329.01","1,333.77","1,302.42","","-0.64%"
"04/03/2011","1,328.17","1,333.56","1,339.46","1,322.94","","-0.32%"
"03/27/2011","1,332.41","1,315.45","1,337.85","1,305.26","","1.42%"
"03/20/2011","1,313.80","1,281.65","1,319.18","1,281.65","","2.70%"
"03/13/2011","1,279.20","1,301.19","1,301.19","1,249.05","","-1.92%"
"03/06/2011","1,304.28","1,322.72","1,327.68","1,291.99","","-1.28%"
"02/27/2011","1,321.15","1,321.61","1,332.28","1,302.58","","0.10%"
"02/20/2011","1,319.88","1,338.91","1,338.91","1,294.26","","-1.53%"
"02/13/2011","1,340.43","1,334.37","1,341.50","1,331.00","","0.85%"
"02/06/2011","1,329.15","1,311.85","1,330.79","1,311.74","","1.39%"
"01/30/2011","1,310.87","1,276.50","1,311.00","1,276.50","","2.71%"
"01/23/2011","1,276.34","1,283.29","1,302.67","1,275.10","","-0.55%"
"01/16/2011","1,283.35","1,293.22","1,296.06","1,271.26","","-0.76%"
"01/09/2011","1,293.24","1,270.84","1,293.24","1,262.18","","1.71%"
"01/02/2011","1,271.50","1,257.62","1,278.17","1,257.62","","1.10%"
"12/26/2010","1,257.64","1,254.66","1,262.60","1,251.48","","0.07%"
"12/19/2010","1,256.77","1,245.76","1,259.39","1,241.51","","1.03%"
"12/12/2010","1,243.91","1,242.52","1,246.73","1,232.85","","0.28%"
"12/05/2010","1,240.40","1,223.87","1,240.40","1,219.50","","1.28%"
"11/28/2010","1,224.71","1,189.08","1,225.57","1,173.64","","2.97%"
"11/21/2010","1,189.40","1,198.07","1,198.94","1,176.91","","-0.86%"
"11/14/2010","1,199.73","1,200.44","1,207.43","1,173.00","","0.04%"
"11/07/2010","1,199.21","1,223.24","1,226.84","1,194.08","","-2.17%"
"10/31/2010","1,225.85","1,185.71","1,227.08","1,177.65","","3.60%"
"10/24/2010","1,183.26","1,184.74","1,196.14","1,171.70","","0.02%"
"10/17/2010","1,183.08","1,176.83","1,189.43","1,159.71","","0.59%"
"10/10/2010","1,176.19","1,165.32","1,184.38","1,155.71","","0.95%"
"10/03/2010","1,165.15","1,144.96","1,167.73","1,131.87","","1.65%"
"09/26/2010","1,146.24","1,148.64","1,157.16","1,132.09","","-0.21%"
"09/19/2010","1,148.67","1,126.57","1,148.90","1,122.79","","2.05%"
"09/12/2010","1,125.59","1,113.38","1,131.47","1,113.38","","1.45%"
"09/05/2010","1,109.55","1,102.60","1,110.88","1,091.15","","0.46%"
"08/29/2010","1,104.51","1,062.90","1,105.10","1,040.88","","3.75%"
"08/22/2010","1,064.59","1,073.36","1,081.58","1,039.70","","-0.66%"
"08/15/2010","1,071.69","1,077.49","1,100.14","1,063.91","","-0.70%"
"08/08/2010","1,079.25","1,122.80","1,129.24","1,076.69","","-3.78%"
"08/01/2010","1,121.64","1,107.53","1,128.75","1,107.17","","1.82%"
"07/25/2010","1,101.60","1,102.89","1,120.95","1,088.01","","-0.10%"
"07/18/2010","1,102.66","1,066.85","1,103.73","1,056.88","","3.55%"
"07/11/2010","1,064.88","1,077.23","1,099.46","1,063.32","","-1.21%"
"07/04/2010","1,077.96","1,028.09","1,078.16","1,018.35","","5.42%"
"06/27/2010","1,022.58","1,077.50","1,082.60","1,010.91","","-5.03%"
"06/20/2010","1,076.76","1,122.79","1,131.23","1,067.89","","-3.65%"
"06/13/2010","1,117.51","1,095.00","1,121.01","1,089.03","","2.37%"
"06/06/2010","1,091.60","1,065.84","1,092.25","1,042.17","","2.51%"
"05/30/2010","1,064.88","1,087.30","1,105.67","1,060.50","","-2.25%"
"05/23/2010","1,089.41","1,084.78","1,103.52","1,040.78","","0.16%"
"05/16/2010","1,087.69","1,136.52","1,148.66","1,055.90","","-4.23%"
"05/09/2010","1,135.68","1,122.27","1,173.57","1,122.27","","2.23%"
"05/02/2010","1,110.88","1,188.58","1,205.13","1,065.79","","-6.39%"
"04/25/2010","1,186.69","1,217.07","1,219.80","1,181.62","","-2.51%"
"04/18/2010","1,217.28","1,192.06","1,217.28","1,183.68","","2.11%"
"04/11/2010","1,192.13","1,194.94","1,213.92","1,186.77","","-0.19%"
"04/04/2010","1,194.37","1,178.71","1,194.66","1,175.12","","1.38%"
"03/28/2010","1,178.10","1,167.71","1,181.43","1,165.77","","0.99%"
"03/21/2010","1,166.59","1,157.25","1,180.69","1,152.88","","0.58%"
"03/14/2010","1,159.90","1,148.53","1,169.84","1,141.45","","0.86%"
"03/07/2010","1,149.99","1,138.40","1,153.41","1,134.90","","0.99%"
"02/28/2010","1,138.70","1,105.36","1,139.38","1,105.36","","3.10%"
"02/21/2010","1,104.49","1,110.00","1,112.29","1,086.02","","-0.42%"
"02/14/2010","1,109.17","1,079.13","1,112.42","1,079.13","","3.13%"
"02/07/2010","1,075.51","1,065.51","1,080.04","1,056.51","","0.87%"
"01/31/2010","1,066.19","1,073.89","1,104.73","1,044.50","","-0.72%"
"01/24/2010","1,073.87","1,092.40","1,103.69","1,071.59","","-1.64%"
"01/17/2010","1,091.76","1,136.03","1,150.45","1,090.18","","-3.90%"
"01/10/2010","1,136.03","1,145.96","1,150.41","1,131.39","","-0.78%"
"01/03/2010","1,144.98","1,116.56","1,145.39","1,116.56","","2.68%"
"12/27/2009","1,115.10","1,127.53","1,130.38","1,114.81","","-1.01%"
"12/20/2009","1,126.48","1,105.31","1,126.48","1,105.31","","2.18%"
"12/13/2009","1,102.47","1,107.84","1,116.21","1,093.88","","-0.36%"
"12/06/2009","1,106.41","1,105.52","1,110.72","1,085.89","","0.04%"
"11/29/2009","1,105.98","1,091.07","1,119.13","1,086.25","","1.33%"
"11/22/2009","1,091.49","1,094.86","1,112.38","1,083.74","","0.01%"
"11/15/2009","1,091.38","1,094.13","1,113.69","1,086.81","","-0.19%"
"11/08/2009","1,093.48","1,072.31","1,105.37","1,072.31","","2.26%"
"11/01/2009","1,069.30","1,036.18","1,071.48","1,029.38","","3.20%"
"10/25/2009","1,036.19","1,080.36","1,091.75","1,033.38","","-4.02%"
"10/18/2009","1,079.60","1,088.22","1,101.36","1,074.31","","-0.74%"
"10/11/2009","1,087.68","1,071.63","1,096.56","1,066.71","","1.51%"
"10/04/2009","1,071.49","1,026.87","1,071.51","1,025.92","","4.51%"
"09/27/2009","1,025.21","1,045.38","1,069.62","1,019.95","","-1.84%"
"09/20/2009","1,044.38","1,067.14","1,080.15","1,041.17","","-2.24%"
"09/13/2009","1,068.30","1,040.15","1,074.77","1,035.00","","2.45%"
"09/06/2009","1,042.73","1,018.67","1,048.18","1,018.67","","2.59%"
"08/30/2009","1,016.40","1,025.21","1,028.45","991.97","","-1.22%"
"08/23/2009","1,028.93","1,026.59","1,039.47","1,016.20","","0.27%"
"08/16/2009","1,026.13","998.18","1,027.59","978.51","","2.20%"
"08/09/2009","1,004.09","1,008.89","1,013.14","992.40","","-0.63%"
"08/02/2009","1,010.48","990.22","1,018.00","990.22","","2.33%"
"07/26/2009","987.48","978.63","996.68","968.65","","0.84%"
"07/19/2009","979.26","942.07","979.79","940.99","","4.13%"
"07/12/2009","940.38","879.57","943.96","875.32","","6.97%"
"07/05/2009","879.13","894.27","898.72","869.32","","-1.93%"
"06/28/2009","896.42","919.86","931.92","896.42","","-2.45%"
"06/21/2009","918.90","918.13","922.00","888.86","","-0.25%"
"06/14/2009","921.23","942.45","942.45","903.78","","-2.64%"
"06/07/2009","946.21","938.12","956.23","926.44","","0.65%"
"05/31/2009","940.09","923.26","951.69","923.26","","2.28%"
"05/24/2009","919.14","887.00","920.02","881.46","","3.62%"
"05/17/2009","887.00","886.07","924.60","879.61","31.70B","0.47%"
"05/10/2009","882.88","922.99","922.99","878.94","31.69B","-4.99%"
"05/03/2009","929.23","879.21","930.17","879.21","39.76B","5.89%"
"04/26/2009","877.52","862.82","888.70","847.12","30.22B","1.30%"
"04/19/2009","866.23","868.27","871.80","826.83","35.42B","-0.39%"
"04/12/2009","869.60","855.33","875.63","835.58","34.20B","1.52%"
"04/05/2009","856.56","839.75","856.91","814.53","24.90B","1.67%"
"03/29/2009","842.50","809.07","845.61","779.81","31.43B","3.26%"
"03/22/2009","815.94","772.31","832.98","772.31","34.76B","6.17%"
"03/15/2009","768.54","758.84","803.24","749.93","39.82B","1.58%"
"03/08/2009","756.55","680.76","758.29","672.88","37.30B","10.71%"
"03/01/2009","683.38","729.57","729.57","666.79","37.96B","-7.03%"
"02/22/2009","735.09","773.25","780.12","734.52","37.75B","-4.54%"
"02/15/2009","770.05","818.61","818.61","754.25","25.61B","-6.87%"
"02/08/2009","826.84","868.24","875.01","808.06","30.04B","-4.81%"
"02/01/2009","868.60","823.09","870.75","812.87","31.09B","5.17%"
"01/25/2009","825.88","832.50","877.86","821.67","28.01B","-0.73%"
"01/18/2009","831.95","849.64","849.64","804.30","24.52B","-2.14%"
"01/11/2009","850.12","890.40","890.40","817.04","30.29B","-4.52%"
"01/04/2009","890.35","929.17","943.85","888.31","25.22B","-4.45%"
"12/28/2008","931.80","872.37","934.73","857.07","15.17B","6.76%"
"12/21/2008","872.80","887.20","887.37","857.09","12.35B","-1.70%"
"12/14/2008","887.88","881.07","918.85","857.72","29.28B","0.93%"
"12/07/2008","879.73","882.71","918.57","851.35","29.66B","0.42%"
"11/30/2008","876.07","888.61","888.61","815.69","30.47B","-2.25%"
"11/23/2008","896.24","801.20","896.25","801.20","23.37B","12.03%"
"11/16/2008","800.03","873.23","882.29","741.02","36.75B","-8.39%"
"11/09/2008","873.29","936.75","951.95","818.69","29.06B","-6.20%"
"11/02/2008","930.99","968.67","1,007.51","899.73","26.48B","-3.90%"
"10/26/2008","968.75","874.28","984.38","845.27","32.30B","10.49%"
"10/19/2008","876.77","943.51","985.44","852.85","30.19B","-6.78%"
"10/12/2008","940.55","912.75","1,044.31","865.83","36.53B","4.60%"
"10/05/2008","899.22","1,097.56","1,097.56","839.80","42.02B","-18.20%"
"09/28/2008","1,099.23","1,209.07","1,209.07","1,098.14","31.03B","-9.40%"
"09/21/2008","1,213.27","1,255.37","1,255.37","1,179.79","26.64B","-3.33%"
"09/14/2008","1,255.08","1,250.92","1,265.12","1,133.50","46.64B","0.27%"
"09/07/2008","1,251.70","1,249.50","1,274.42","1,211.54","34.42B","0.76%"
"08/31/2008","1,242.31","1,287.83","1,303.04","1,217.23","20.07B","-3.16%"
"08/24/2008","1,282.83","1,290.47","1,300.68","1,263.21","17.65B","-0.73%"
"08/17/2008","1,292.20","1,298.14","1,300.22","1,261.16","20.32B","-0.46%"
"08/10/2008","1,298.20","1,294.42","1,313.15","1,274.86","22.67B","0.15%"
"08/03/2008","1,296.32","1,253.27","1,297.85","1,247.45","20.94B","2.86%"
"07/27/2008","1,260.31","1,257.76","1,284.93","1,234.37","25.36B","0.20%"
"07/20/2008","1,257.76","1,261.82","1,291.17","1,248.83","28.32B","-0.23%"
"07/13/2008","1,260.68","1,241.61","1,262.31","1,200.44","32.56B","1.71%"
"07/06/2008","1,239.49","1,262.90","1,277.36","1,225.35","29.06B","-1.85%"
"06/29/2008","1,262.90","1,278.06","1,292.17","1,252.01","19.40B","-1.21%"
"06/22/2008","1,278.38","1,319.77","1,335.63","1,272.00","25.16B","-3.00%"
"06/15/2008","1,317.93","1,358.85","1,366.59","1,314.46","22.22B","-3.10%"
"06/08/2008","1,360.03","1,360.83","1,370.63","1,331.29","22.63B","-0.05%"
"06/01/2008","1,360.68","1,399.62","1,404.05","1,359.90","21.57B","-2.83%"
"05/25/2008","1,400.38","1,375.97","1,406.32","1,373.07","15.26B","1.78%"
"05/18/2008","1,375.93","1,425.28","1,440.24","1,373.72","19.53B","-3.47%"
"05/11/2008","1,425.35","1,389.40","1,425.82","1,386.20","19.05B","2.67%"
"05/04/2008","1,388.28","1,415.34","1,421.57","1,384.11","18.76B","-1.81%"
"04/27/2008","1,413.90","1,397.96","1,422.72","1,383.07","20.33B","1.15%"
"04/20/2008","1,397.84","1,387.72","1,399.11","1,369.84","19.70B","0.54%"
"04/13/2008","1,390.33","1,332.20","1,395.90","1,324.35","19.34B","4.31%"
"04/06/2008","1,332.83","1,373.69","1,386.74","1,331.21","18.32B","-2.74%"
"03/30/2008","1,370.40","1,315.92","1,380.91","1,312.81","20.88B","4.20%"
"03/23/2008","1,315.22","1,330.29","1,359.68","1,312.95","20.42B","-1.07%"
"03/16/2008","1,329.51","1,283.21","1,341.51","1,256.98","22.52B","3.21%"
"03/09/2008","1,288.14","1,293.16","1,333.26","1,272.66","24.01B","-0.40%"
"03/02/2008","1,293.37","1,330.45","1,344.19","1,282.43","22.04B","-2.80%"
"02/24/2008","1,330.63","1,352.75","1,388.34","1,325.42","20.23B","-1.66%"
"02/17/2008","1,353.11","1,355.86","1,367.94","1,327.04","14.75B","0.23%"
"02/10/2008","1,349.99","1,331.92","1,369.23","1,320.32","18.72B","1.40%"
"02/03/2008","1,331.29","1,395.38","1,395.38","1,316.75","20.18B","-4.60%"
"01/27/2008","1,395.42","1,330.70","1,396.02","1,322.26","22.70B","4.87%"
"01/20/2008","1,330.61","1,312.94","1,368.56","1,270.05","20.40B","0.41%"
"01/13/2008","1,325.19","1,402.91","1,417.89","1,312.51","25.03B","-5.41%"
"01/06/2008","1,401.02","1,414.07","1,430.28","1,378.70","23.94B","-0.75%"
"12/30/2007","1,411.63","1,475.25","1,475.83","1,411.19","13.49B","-4.52%"
"12/23/2007","1,478.49","1,484.55","1,498.85","1,471.70","8.06B","-0.40%"
"12/16/2007","1,484.46","1,465.05","1,485.40","1,435.65","18.73B","1.12%"
"12/09/2007","1,467.95","1,505.11","1,523.57","1,467.78","18.51B","-2.44%"
"12/02/2007","1,504.66","1,479.63","1,510.63","1,460.66","17.08B","1.59%"
"11/25/2007","1,481.14","1,440.74","1,488.94","1,406.10","20.48B","2.81%"
"11/18/2007","1,440.70","1,456.70","1,456.70","1,415.64","14.68B","-1.24%"
"11/11/2007","1,458.74","1,453.66","1,492.14","1,438.53","20.48B","0.35%"
"11/04/2007","1,453.70","1,505.61","1,520.77","1,448.51","22.08B","-3.71%"
"10/28/2007","1,509.65","1,536.92","1,552.76","1,492.53","18.82B","-1.67%"
"10/21/2007","1,535.28","1,497.79","1,535.53","1,489.56","18.58B","2.31%"
"10/14/2007","1,500.63","1,562.25","1,564.74","1,500.26","17.38B","-3.92%"
"10/07/2007","1,561.80","1,556.51","1,576.09","1,546.72","14.72B","0.27%"
"09/30/2007","1,557.59","1,527.29","1,561.91","1,527.25","15.06B","2.02%"
"09/23/2007","1,526.75","1,525.75","1,533.74","1,507.13","15.35B","0.07%"
"09/16/2007","1,525.75","1,484.24","1,538.74","1,471.82","16.79B","2.80%"
"09/09/2007","1,484.25","1,453.50","1,489.58","1,439.29","14.26B","2.11%"
"09/02/2007","1,453.55","1,473.96","1,496.40","1,449.07","11.41B","-1.39%"
"08/26/2007","1,473.99","1,479.36","1,481.47","1,432.01","13.62B","-0.36%"
"08/19/2007","1,479.37","1,445.94","1,479.40","1,430.54","15.27B","2.31%"
"08/12/2007","1,445.94","1,453.42","1,466.29","1,370.60","21.88B","-0.53%"
"08/05/2007","1,453.64","1,433.04","1,503.89","1,427.39","26.71B","1.44%"
"07/29/2007","1,433.06","1,458.93","1,488.30","1,432.80","22.55B","-1.77%"
"07/22/2007","1,458.95","1,534.06","1,547.23","1,458.95","20.76B","-4.90%"
"07/15/2007","1,534.10","1,552.50","1,555.90","1,529.20","16.32B","-1.19%"
"07/08/2007","1,552.50","1,530.43","1,555.10","1,506.10","15.33B","1.44%"
"07/01/2007","1,530.44","1,504.66","1,532.40","1,504.66","9.27B","1.80%"
"06/24/2007","1,503.35","1,502.56","1,517.53","1,484.18","16.26B","0.05%"
"06/17/2007","1,502.56","1,532.90","1,537.32","1,500.74","16.09B","-1.98%"
"06/10/2007","1,532.91","1,507.64","1,538.71","1,492.65","14.88B","1.67%"
"06/03/2007","1,507.67","1,536.28","1,540.53","1,487.41","15.17B","-1.87%"
"05/27/2007","1,536.34","1,515.55","1,540.56","1,510.06","11.81B","1.36%"
"05/20/2007","1,515.73","1,522.75","1,532.43","1,505.18","15.09B","-0.46%"
"05/13/2007","1,522.75","1,505.76","1,522.75","1,498.34","14.59B","1.12%"
"05/06/2007","1,505.85","1,505.57","1,513.80","1,491.42","14.03B","0.02%"
"04/29/2007","1,505.62","1,494.07","1,510.34","1,476.70","15.45B","0.77%"
"04/22/2007","1,494.07","1,484.33","1,498.02","1,473.74","14.89B","0.65%"
"04/15/2007","1,484.35","1,452.84","1,484.74","1,452.84","15.01B","2.17%"
"04/08/2007","1,452.85","1,443.77","1,453.11","1,433.91","13.27B","0.63%"
"04/01/2007","1,443.76","1,420.83","1,444.88","1,416.37","10.77B","1.61%"
"03/25/2007","1,420.86","1,436.11","1,437.65","1,408.90","14.19B","-1.06%"
"03/18/2007","1,436.11","1,386.95","1,438.89","1,386.95","14.51B","3.54%"
"03/11/2007","1,386.95","1,402.80","1,409.34","1,363.98","16.12B","-1.13%"
"03/04/2007","1,402.84","1,387.11","1,410.15","1,373.97","15.62B","1.13%"
"02/25/2007","1,387.17","1,451.04","1,456.95","1,380.87","18.00B","-4.41%"
"02/18/2007","1,451.19","1,455.53","1,461.57","1,448.36","9.48B","-0.30%"
"02/11/2007","1,455.54","1,438.00","1,457.97","1,431.44","12.64B","1.22%"
"02/04/2007","1,438.06","1,448.33","1,452.99","1,433.44","13.43B","-0.71%"
"01/28/2007","1,448.39","1,422.03","1,449.33","1,418.46","13.90B","1.84%"
"01/21/2007","1,422.18","1,430.47","1,440.69","1,416.96","13.92B","-0.58%"
"01/14/2007","1,430.50","1,430.73","1,435.27","1,424.21","10.89B","-0.02%"
"01/07/2007","1,430.73","1,409.26","1,431.23","1,403.97","14.11B","1.49%"
"12/31/2006","1,409.71","1,418.03","1,429.42","1,405.75","9.35B","-0.61%"
"12/24/2006","1,418.30","1,410.75","1,427.72","1,410.45","6.16B","0.53%"
"12/17/2006","1,410.76","1,427.08","1,431.81","1,410.28","11.64B","-1.14%"
"12/10/2006","1,427.09","1,409.81","1,431.63","1,404.75","13.54B","1.22%"
"12/03/2006","1,409.84","1,396.67","1,418.27","1,396.67","13.43B","0.94%"
"11/26/2006","1,396.71","1,400.95","1,406.30","1,377.83","14.95B","-0.30%"
"11/19/2006","1,400.95","1,401.17","1,407.89","1,397.85","8.21B","-0.02%"
"11/12/2006","1,401.20","1,380.58","1,403.76","1,378.80","13.81B","1.47%"
"11/05/2006","1,380.90","1,364.27","1,388.92","1,364.27","13.29B","1.22%"
"10/29/2006","1,364.30","1,377.30","1,381.95","1,360.98","13.46B","-0.95%"
"10/22/2006","1,377.34","1,368.58","1,389.45","1,363.94","13.56B","0.64%"
"10/15/2006","1,368.60","1,365.61","1,372.87","1,356.87","12.63B","0.22%"
"10/08/2006","1,365.62","1,349.58","1,366.63","1,343.57","11.83B","1.19%"
"10/01/2006","1,349.59","1,335.82","1,353.79","1,327.10","13.20B","1.03%"
"09/24/2006","1,335.85","1,314.78","1,340.28","1,311.58","12.80B","1.60%"
"09/17/2006","1,314.78","1,319.85","1,328.53","1,310.94","12.05B","-0.37%"
"09/10/2006","1,319.66","1,298.86","1,324.65","1,290.93","13.44B","1.60%"
"09/03/2006","1,298.92","1,310.94","1,314.67","1,292.13","8.90B","-0.92%"
"08/27/2006","1,311.01","1,295.09","1,312.03","1,293.97","9.76B","1.23%"
"08/20/2006","1,295.09","1,302.30","1,302.49","1,289.82","9.16B","-0.55%"
"08/13/2006","1,302.30","1,266.67","1,302.30","1,266.67","11.50B","2.81%"
"08/06/2006","1,266.74","1,279.31","1,283.74","1,261.30","11.47B","-0.99%"
"07/30/2006","1,279.36","1,278.53","1,292.92","1,265.71","12.86B","0.06%"
"07/23/2006","1,278.55","1,240.25","1,280.42","1,240.25","12.80B","3.08%"
"07/16/2006","1,240.29","1,236.20","1,262.56","1,224.54","12.38B","0.33%"
"07/09/2006","1,236.20","1,265.46","1,274.06","1,228.45","11.43B","-2.31%"
"07/02/2006","1,265.48","1,270.06","1,280.38","1,263.13","7.28B","-0.37%"
"06/25/2006","1,270.20","1,244.50","1,276.30","1,237.59","11.84B","2.07%"
"06/18/2006","1,244.50","1,251.54","1,257.96","1,237.17","11.28B","-0.56%"
"06/11/2006","1,251.54","1,252.27","1,258.64","1,219.29","13.69B","-0.06%"
"06/04/2006","1,252.30","1,288.16","1,288.16","1,235.18","13.41B","-2.79%"
"05/28/2006","1,288.22","1,280.04","1,290.68","1,259.38","9.52B","0.63%"
"05/21/2006","1,280.16","1,267.03","1,280.54","1,245.34","12.56B","1.04%"
"05/14/2006","1,267.03","1,291.19","1,297.88","1,256.28","13.24B","-1.87%"
"05/07/2006","1,291.24","1,325.76","1,326.70","1,290.38","11.68B","-2.60%"
"04/30/2006","1,325.76","1,310.61","1,326.53","1,303.46","11.96B","1.16%"
"04/23/2006","1,310.61","1,311.28","1,316.04","1,295.57","12.18B","-0.05%"
"04/16/2006","1,311.28","1,289.12","1,318.16","1,280.74","11.74B","1.72%"
"04/09/2006","1,289.12","1,295.51","1,300.74","1,282.96","7.96B","-0.49%"
"04/02/2006","1,295.50","1,302.88","1,314.07","1,294.18","11.43B","0.05%"
"03/26/2006","1,294.87","1,302.95","1,310.15","1,291.84","10.85B","-0.62%"
"03/19/2006","1,302.95","1,307.25","1,310.88","1,295.81","10.47B","-0.33%"
"03/12/2006","1,307.25","1,281.58","1,310.45","1,281.58","11.37B","2.02%"
"03/05/2006","1,281.42","1,287.23","1,288.23","1,268.42","11.25B","-0.45%"
"02/26/2006","1,287.23","1,289.43","1,297.57","1,278.66","11.30B","-0.17%"
"02/19/2006","1,289.43","1,287.24","1,294.17","1,281.33","8.40B","0.17%"
"02/12/2006","1,287.24","1,266.99","1,289.47","1,258.34","10.99B","1.60%"
"02/05/2006","1,266.99","1,264.03","1,274.56","1,253.61","11.69B","0.23%"
"01/29/2006","1,264.03","1,283.72","1,287.94","1,261.02","12.43B","-1.53%"
"01/22/2006","1,283.72","1,261.49","1,286.38","1,259.42","12.96B","1.76%"
"01/15/2006","1,261.49","1,287.61","1,287.79","1,260.92","9.70B","-2.03%"
"01/08/2006","1,287.61","1,285.45","1,294.90","1,282.78","11.61B","0.17%"
"01/01/2006","1,285.45","1,248.29","1,286.09","1,245.74","9.95B","2.98%"
"12/25/2005","1,248.29","1,268.66","1,271.83","1,246.59","5.79B","-1.61%"
"12/18/2005","1,268.66","1,267.32","1,270.51","1,257.21","9.44B","0.11%"
"12/11/2005","1,267.32","1,259.37","1,275.80","1,255.52","11.18B","0.63%"
"12/04/2005","1,259.37","1,265.08","1,272.89","1,250.91","10.60B","-0.45%"
"11/27/2005","1,265.08","1,268.25","1,268.44","1,249.39","11.40B","-0.25%"
"11/20/2005","1,268.25","1,248.27","1,270.64","1,246.90","7.12B","1.60%"
"11/13/2005","1,248.27","1,234.72","1,249.58","1,226.41","11.13B","1.10%"
"11/06/2005","1,234.72","1,220.14","1,235.70","1,215.05","10.32B","1.19%"
"10/30/2005","1,220.14","1,198.41","1,224.70","1,198.41","12.44B","1.81%"
"10/23/2005","1,198.41","1,179.59","1,204.01","1,178.89","11.75B","1.60%"
"10/16/2005","1,179.59","1,186.57","1,197.30","1,170.55","12.04B","-0.59%"
"10/09/2005","1,186.57","1,195.90","1,196.52","1,168.20","11.53B","-0.78%"
"10/02/2005","1,195.90","1,228.81","1,233.34","1,181.92","11.90B","-2.68%"
"09/25/2005","1,228.81","1,215.29","1,229.57","1,211.11","10.38B","1.11%"
"09/18/2005","1,215.29","1,237.91","1,237.91","1,205.35","11.34B","-1.83%"
"09/11/2005","1,237.91","1,241.48","1,242.60","1,224.85","11.24B","-0.29%"
"09/04/2005","1,241.48","1,218.02","1,243.13","1,218.02","7.95B","1.93%"
"08/28/2005","1,218.02","1,205.10","1,227.29","1,201.07","9.75B","1.07%"
"08/21/2005","1,205.10","1,219.71","1,228.96","1,204.23","8.34B","-1.20%"
"08/14/2005","1,219.71","1,230.40","1,236.24","1,215.93","8.61B","-0.87%"
"08/07/2005","1,230.39","1,226.42","1,242.69","1,222.67","9.52B","0.32%"
"07/31/2005","1,226.42","1,234.18","1,245.86","1,225.62","9.67B","-0.63%"
"07/24/2005","1,234.18","1,233.68","1,245.15","1,228.15","9.39B","0.04%"
"07/17/2005","1,233.68","1,227.92","1,236.56","1,221.13","9.58B","0.47%"
"07/10/2005","1,227.92","1,211.86","1,233.16","1,211.86","9.36B","1.33%"
"07/03/2005","1,211.86","1,194.44","1,212.73","1,183.55","7.54B","1.46%"
"06/26/2005","1,194.44","1,191.57","1,204.07","1,188.30","8.98B","0.24%"
"06/19/2005","1,191.57","1,216.96","1,219.59","1,191.45","9.71B","-2.09%"
"06/12/2005","1,216.96","1,198.11","1,219.55","1,194.51","9.38B","1.57%"
"06/05/2005","1,198.11","1,196.02","1,208.85","1,191.09","8.60B","0.17%"
"05/29/2005","1,196.02","1,198.78","1,205.64","1,191.03","7.09B","-0.23%"
"05/22/2005","1,198.78","1,189.28","1,199.56","1,185.96","8.14B","0.80%"
"05/15/2005","1,189.28","1,154.05","1,191.22","1,153.64","9.42B","3.05%"
"05/08/2005","1,154.05","1,171.35","1,178.87","1,146.18","9.77B","-1.48%"
"05/01/2005","1,171.35","1,156.85","1,178.62","1,154.71","10.16B","1.25%"
"04/24/2005","1,156.85","1,152.12","1,164.80","1,139.19","10.45B","0.41%"
"04/17/2005","1,152.12","1,142.62","1,159.95","1,136.15","10.89B","0.83%"
"04/10/2005","1,142.62","1,181.20","1,190.17","1,141.92","10.60B","-3.27%"
"04/03/2005","1,181.20","1,172.79","1,191.88","1,167.72","9.31B","0.71%"
"03/27/2005","1,172.92","1,171.42","1,189.80","1,163.69","10.45B","0.13%"
"03/20/2005","1,171.42","1,189.65","1,189.65","1,168.70","7.90B","-1.53%"
"03/13/2005","1,189.65","1,200.08","1,210.54","1,182.78","8.53B","-0.87%"
"03/06/2005","1,200.08","1,222.12","1,229.11","1,198.15","7.77B","-1.80%"
"02/27/2005","1,222.12","1,211.37","1,224.76","1,198.13","8.33B","0.89%"
"02/20/2005","1,211.37","1,201.59","1,212.15","1,184.16","6.29B","0.81%"
"02/13/2005","1,201.59","1,205.30","1,212.44","1,197.35","7.44B","-0.31%"
"02/06/2005","1,205.30","1,203.03","1,208.38","1,191.54","7.33B","0.19%"
"01/30/2005","1,203.03","1,171.36","1,203.47","1,171.36","8.13B","2.70%"
"01/23/2005","1,171.36","1,167.87","1,177.50","1,163.75","7.98B","0.30%"
"01/16/2005","1,167.87","1,184.52","1,195.98","1,167.82","6.43B","-1.41%"
"01/09/2005","1,184.52","1,186.19","1,194.78","1,175.64","7.39B","-0.14%"
"01/02/2005","1,186.19","1,211.92","1,217.80","1,182.16","8.02B","-2.12%"
"12/26/2004","1,211.92","1,210.13","1,217.33","1,204.92","4.45B","0.15%"
"12/19/2004","1,210.13","1,194.20","1,213.66","1,193.36","5.25B","1.33%"
"12/12/2004","1,194.20","1,188.00","1,207.97","1,188.00","8.81B","0.52%"
"12/05/2004","1,188.00","1,191.17","1,192.41","1,173.79","7.48B","-0.27%"
"11/28/2004","1,191.17","1,182.65","1,197.46","1,172.37","8.05B","0.72%"
"11/21/2004","1,182.65","1,170.34","1,186.62","1,167.89","4.48B","1.05%"
"11/14/2004","1,170.34","1,184.17","1,188.46","1,169.19","7.49B","-1.17%"
"11/07/2004","1,184.17","1,166.17","1,184.17","1,162.32","7.24B","1.54%"
"10/31/2004","1,166.17","1,130.20","1,170.87","1,127.60","8.33B","3.18%"
"10/24/2004","1,130.20","1,095.74","1,131.40","1,090.29","7.94B","3.14%"
"10/17/2004","1,095.74","1,108.20","1,117.96","1,094.25","7.94B","-1.12%"
"10/10/2004","1,108.20","1,122.14","1,127.01","1,102.06","6.94B","-1.24%"
"10/03/2004","1,122.14","1,131.50","1,142.05","1,120.19","7.11B","-0.83%"
"09/26/2004","1,131.50","1,110.11","1,131.64","1,101.29","7.39B","1.93%"
"09/19/2004","1,110.11","1,128.55","1,131.54","1,108.05","6.44B","-1.63%"
"09/12/2004","1,128.55","1,123.92","1,130.14","1,119.82","6.30B","0.41%"
"09/05/2004","1,123.92","1,113.63","1,125.26","1,113.62","5.09B","0.92%"
"08/29/2004","1,113.63","1,107.77","1,120.80","1,094.72","5.17B","0.53%"
"08/22/2004","1,107.77","1,098.35","1,109.68","1,092.82","5.18B","0.86%"
"08/15/2004","1,098.35","1,064.80","1,100.26","1,064.80","6.21B","3.15%"
"08/08/2004","1,064.80","1,063.97","1,079.04","1,060.72","6.32B","0.08%"
"08/01/2004","1,063.97","1,101.72","1,108.60","1,062.23","6.90B","-3.43%"
"07/25/2004","1,101.72","1,086.20","1,103.73","1,078.78","7.41B","1.43%"
"07/18/2004","1,086.20","1,101.39","1,116.27","1,083.56","7.46B","-1.38%"
"07/11/2004","1,101.39","1,112.81","1,119.60","1,101.07","6.64B","-1.03%"
"07/04/2004","1,112.81","1,125.38","1,125.38","1,108.72","5.20B","-1.12%"
"06/27/2004","1,125.38","1,134.43","1,144.20","1,123.06","6.78B","-0.80%"
"06/20/2004","1,134.43","1,135.02","1,146.34","1,124.37","7.16B","-0.05%"
"06/13/2004","1,135.02","1,136.47","1,138.96","1,122.16","6.49B","-0.13%"
"06/06/2004","1,136.47","1,122.50","1,142.18","1,122.50","4.84B","1.24%"
"05/30/2004","1,122.50","1,120.68","1,129.17","1,113.32","4.84B","0.16%"
"05/23/2004","1,120.68","1,093.56","1,123.95","1,090.74","6.76B","2.48%"
"05/16/2004","1,093.56","1,095.70","1,105.93","1,079.36","6.80B","-0.20%"
"05/09/2004","1,095.70","1,098.70","1,102.77","1,076.32","7.90B","-0.27%"
"05/02/2004","1,098.70","1,107.30","1,127.74","1,098.63","7.87B","-0.78%"
"04/25/2004","1,107.30","1,140.60","1,146.56","1,107.23","8.16B","-2.92%"
"04/18/2004","1,140.60","1,134.56","1,142.77","1,116.03","7.66B","0.53%"
"04/11/2004","1,134.61","1,139.32","1,147.78","1,120.75","7.13B","-0.41%"
"04/04/2004","1,139.32","1,141.81","1,150.57","1,134.52","5.47B","-0.22%"
"03/28/2004","1,141.81","1,108.06","1,144.81","1,108.06","7.49B","3.05%"
"03/21/2004","1,108.06","1,109.78","1,115.27","1,087.16","7.23B","-0.15%"
"03/14/2004","1,109.78","1,120.57","1,125.76","1,102.61","7.42B","-0.96%"
"03/07/2004","1,120.57","1,156.86","1,159.94","1,105.87","7.68B","-3.14%"
"02/29/2004","1,156.86","1,144.94","1,163.23","1,143.78","6.97B","1.04%"
"02/22/2004","1,144.94","1,144.11","1,151.68","1,134.43","7.21B","0.07%"
"02/15/2004","1,144.11","1,145.81","1,158.98","1,139.00","5.82B","-0.15%"
"02/08/2004","1,145.81","1,142.76","1,158.89","1,138.70","7.20B","0.27%"
"02/01/2004","1,142.76","1,131.13","1,142.79","1,124.44","7.76B","1.03%"
"01/25/2004","1,131.13","1,141.55","1,155.38","1,122.38","8.55B","-0.91%"
"01/18/2004","1,141.55","1,139.83","1,150.51","1,134.62","6.71B","0.15%"
"01/11/2004","1,139.83","1,121.86","1,139.83","1,115.19","8.04B","1.60%"
"01/04/2004","1,121.86","1,108.48","1,131.92","1,108.48","8.37B","1.21%"
"12/28/2003","1,108.48","1,095.89","1,118.85","1,095.89","4.25B","1.15%"
"12/21/2003","1,095.89","1,088.66","1,098.47","1,086.14","3.27B","0.66%"
"12/14/2003","1,088.66","1,074.14","1,091.06","1,068.00","7.75B","1.35%"
"12/07/2003","1,074.14","1,061.50","1,074.76","1,053.41","6.79B","1.19%"
"11/30/2003","1,061.50","1,058.20","1,074.30","1,058.20","6.93B","0.31%"
"11/23/2003","1,058.20","1,035.28","1,060.63","1,035.28","4.22B","2.21%"
"11/16/2003","1,035.28","1,050.35","1,050.35","1,031.20","6.66B","-1.43%"
"11/09/2003","1,050.35","1,053.21","1,063.65","1,043.46","6.49B","-0.27%"
"11/02/2003","1,053.21","1,050.71","1,062.39","1,044.88","7.09B","0.24%"
"10/26/2003","1,050.71","1,028.91","1,053.09","1,028.91","7.69B","2.12%"
"10/19/2003","1,028.91","1,039.32","1,048.57","1,018.32","7.34B","-1.00%"
"10/12/2003","1,039.32","1,038.06","1,053.79","1,036.57","6.60B","0.12%"
"10/05/2003","1,038.06","1,029.85","1,048.28","1,026.27","6.25B","0.80%"
"09/28/2003","1,029.85","996.85","1,039.31","990.36","7.36B","3.31%"
"09/21/2003","996.85","1,036.30","1,036.30","996.08","7.14B","-3.81%"
"09/14/2003","1,036.30","1,018.63","1,040.29","1,013.59","6.91B","1.73%"
"09/07/2003","1,018.63","1,021.39","1,032.41","1,007.71","6.87B","-0.27%"
"08/31/2003","1,021.39","1,008.01","1,029.34","1,005.73","6.07B","1.33%"
"08/24/2003","1,008.01","993.06","1,008.85","983.57","5.31B","1.51%"
"08/17/2003","993.06","990.67","1,011.01","990.67","6.35B","0.24%"
"08/10/2003","990.67","977.59","992.50","974.21","5.19B","1.34%"
"08/03/2003","977.59","980.15","985.75","960.84","6.64B","-0.26%"
"07/27/2003","980.15","998.68","1,004.59","978.86","7.23B","-1.86%"
"07/20/2003","998.68","993.32","998.89","975.63","7.01B","0.54%"
"07/13/2003","993.32","998.14","1,015.41","978.60","7.66B","-0.48%"
"07/06/2003","998.14","985.70","1,010.43","983.63","7.29B","1.26%"
"06/29/2003","985.70","976.22","995.00","962.10","5.34B","0.97%"
"06/22/2003","976.22","995.69","995.69","973.80","6.90B","-1.96%"
"06/15/2003","995.69","988.61","1,015.33","988.61","7.54B","0.72%"
"06/08/2003","988.61","987.76","1,002.74","972.59","6.93B","0.09%"
"06/01/2003","987.76","963.59","1,007.69","963.59","8.26B","2.51%"
"05/25/2003","963.59","933.22","965.38","927.33","6.47B","3.25%"
"05/18/2003","933.22","944.30","944.30","912.05","6.99B","-1.17%"
"05/11/2003","944.30","933.41","948.65","929.30","7.21B","1.17%"
"05/04/2003","933.41","930.08","939.61","919.72","7.33B","0.36%"
"04/27/2003","930.08","898.81","930.56","898.81","7.54B","3.48%"
"04/20/2003","898.81","893.58","919.74","886.70","7.40B","0.59%"
"04/13/2003","893.58","868.30","896.77","868.30","5.61B","2.91%"
"04/06/2003","868.30","878.85","904.89","862.76","6.44B","-1.20%"
"03/30/2003","878.85","863.50","885.89","843.68","7.13B","1.78%"
"03/23/2003","863.50","895.79","895.79","858.09","6.41B","-3.60%"
"03/16/2003","895.79","833.27","895.90","827.17","8.05B","7.50%"
"03/09/2003","833.27","828.89","841.39","788.90","7.66B","0.53%"
"03/02/2003","828.89","841.15","852.34","811.23","6.47B","-1.46%"
"02/23/2003","841.15","848.17","848.17","818.54","6.75B","-0.83%"
"02/16/2003","848.17","834.89","852.87","831.48","4.92B","1.59%"
"02/09/2003","834.89","829.69","843.02","806.29","6.70B","0.63%"
"02/02/2003","829.69","855.70","864.64","826.70","6.87B","-3.04%"
"01/26/2003","855.70","861.40","868.72","840.34","7.58B","-0.66%"
"01/19/2003","861.40","901.78","906.00","859.71","6.22B","-4.48%"
"01/12/2003","901.78","927.57","935.05","899.02","7.10B","-2.78%"
"01/05/2003","927.57","908.59","932.89","908.32","7.49B","2.09%"
"12/29/2002","908.59","875.40","911.25","869.45","4.51B","3.79%"
"12/22/2002","875.40","895.74","903.89","873.62","3.05B","-2.27%"
"12/15/2002","895.76","889.48","911.22","880.32","7.14B","0.71%"
"12/08/2002","889.48","912.23","912.23","888.48","6.48B","-2.49%"
"12/01/2002","912.23","936.31","954.28","895.96","7.18B","-2.57%"
"11/24/2002","936.31","930.55","941.82","912.10","5.11B","0.62%"
"11/17/2002","930.55","909.83","937.28","893.09","8.18B","2.28%"
"11/10/2002","909.83","894.74","910.21","872.05","6.87B","1.69%"
"11/03/2002","894.74","900.96","925.66","891.62","7.59B","-0.69%"
"10/27/2002","900.96","897.65","907.44","867.91","7.43B","0.37%"
"10/20/2002","897.65","884.39","902.94","873.06","7.63B","1.50%"
"10/13/2002","884.39","835.32","886.68","828.37","7.94B","5.87%"
"10/06/2002","835.32","800.58","843.27","768.63","9.34B","4.34%"
"09/29/2002","800.58","827.37","851.93","794.10","8.68B","-3.24%"
"09/22/2002","827.37","845.39","856.60","817.38","7.86B","-2.13%"
"09/15/2002","845.39","889.81","902.68","839.09","7.27B","-4.99%"
"09/08/2002","889.81","893.92","924.02","877.05","5.63B","-0.46%"
"09/01/2002","893.92","916.07","916.07","870.50","5.25B","-2.42%"
"08/25/2002","916.07","940.86","955.82","903.33","5.67B","-2.63%"
"08/18/2002","940.86","928.77","965.00","927.21","6.41B","1.30%"
"08/11/2002","928.77","908.64","935.38","876.20","6.64B","2.22%"
"08/04/2002","908.64","864.24","913.95","833.44","7.37B","5.14%"
"07/28/2002","864.24","852.84","911.64","852.84","8.86B","1.34%"
"07/21/2002","852.84","847.76","854.13","775.68","11.69B","0.60%"
"07/14/2002","847.75","921.39","926.52","842.07","11.38B","-7.99%"
"07/07/2002","921.39","989.03","993.56","900.94","8.04B","-6.84%"
"06/30/2002","989.03","989.82","994.46","934.87","5.48B","-0.08%"
"06/23/2002","989.82","989.14","1,005.88","952.92","9.11B","0.07%"
"06/16/2002","989.14","1,007.27","1,040.83","985.65","6.65B","-1.80%"
"06/09/2002","1,007.27","1,027.53","1,039.04","981.63","7.19B","-1.97%"
"06/02/2002","1,027.53","1,067.14","1,070.74","1,012.49","7.03B","-3.71%"
"05/26/2002","1,067.14","1,083.82","1,085.98","1,054.26","4.64B","-1.54%"
"05/19/2002","1,083.82","1,106.59","1,106.59","1,075.64","5.40B","-2.06%"
"05/12/2002","1,106.59","1,054.99","1,106.59","1,053.90","6.45B","4.89%"
"05/05/2002","1,054.99","1,073.43","1,088.92","1,048.96","6.30B","-1.72%"
"04/28/2002","1,073.43","1,076.32","1,091.42","1,063.46","7.04B","-0.27%"
"04/21/2002","1,076.32","1,125.17","1,125.17","1,076.31","6.84B","-4.34%"
"04/14/2002","1,125.17","1,111.01","1,133.00","1,099.41","6.38B","1.27%"
"04/07/2002","1,111.01","1,122.73","1,131.76","1,102.42","6.57B","-1.04%"
"03/31/2002","1,122.73","1,147.39","1,147.84","1,119.49","5.84B","-2.15%"
"03/24/2002","1,147.39","1,148.70","1,154.45","1,131.61","4.61B","-0.11%"
"03/17/2002","1,148.70","1,166.16","1,173.94","1,139.48","6.31B","-1.50%"
"03/10/2002","1,166.16","1,164.31","1,173.03","1,151.01","6.57B","0.16%"
"03/03/2002","1,164.31","1,131.78","1,172.76","1,130.93","7.61B","2.87%"
"02/24/2002","1,131.78","1,089.84","1,131.79","1,089.84","6.92B","3.85%"
"02/17/2002","1,089.84","1,104.18","1,104.18","1,074.36","5.42B","-1.30%"
"02/10/2002","1,104.18","1,096.22","1,124.72","1,094.68","6.10B","0.73%"
"02/03/2002","1,096.22","1,122.20","1,122.20","1,077.78","7.70B","-2.32%"
"01/27/2002","1,122.20","1,133.28","1,138.63","1,081.66","7.94B","-0.98%"
"01/20/2002","1,133.28","1,127.58","1,139.50","1,117.43","5.69B","0.51%"
"01/13/2002","1,127.58","1,145.60","1,148.81","1,124.45","6.87B","-1.57%"
"01/06/2002","1,145.60","1,172.51","1,176.97","1,145.45","6.53B","-2.30%"
"12/30/2001","1,172.51","1,161.02","1,176.55","1,136.23","5.03B","0.99%"
"12/23/2001","1,161.02","1,144.89","1,164.64","1,144.62","3.02B","1.41%"
"12/16/2001","1,144.89","1,123.09","1,152.44","1,122.66","7.28B","1.94%"
"12/09/2001","1,123.09","1,158.31","1,158.31","1,114.53","6.85B","-3.04%"
"12/02/2001","1,158.31","1,139.45","1,173.62","1,125.78","7.02B","1.66%"
"11/25/2001","1,139.45","1,150.34","1,163.38","1,125.51","6.56B","-0.95%"
"11/18/2001","1,150.34","1,138.65","1,152.45","1,129.78","4.09B","1.03%"
"11/11/2001","1,138.65","1,120.31","1,148.28","1,098.32","6.60B","1.64%"
"11/04/2001","1,120.31","1,087.20","1,135.75","1,087.20","6.65B","3.05%"
"10/28/2001","1,087.20","1,104.61","1,104.61","1,053.61","6.20B","-1.58%"
"10/21/2001","1,104.61","1,073.48","1,110.61","1,065.64","6.37B","2.90%"
"10/14/2001","1,073.48","1,091.65","1,107.12","1,057.24","6.25B","-1.66%"
"10/07/2001","1,091.65","1,071.37","1,099.16","1,052.76","6.56B","1.89%"
"09/30/2001","1,071.38","1,040.94","1,084.12","1,026.76","7.03B","2.92%"
"09/23/2001","1,040.94","965.80","1,040.94","965.80","7.98B","7.78%"
"09/16/2001","965.80","1,092.54","1,092.54","944.75","10.42B","-11.60%"
"09/09/2001","1,092.54","1,085.78","1,096.94","1,073.15","1.28B","0.62%"
"09/02/2001","1,085.78","1,133.58","1,155.40","1,082.12","5.35B","-4.22%"
"08/26/2001","1,133.58","1,184.93","1,186.85","1,124.87","4.87B","-4.33%"
"08/19/2001","1,184.93","1,161.97","1,185.15","1,153.34","5.08B","1.98%"
"08/12/2001","1,161.97","1,190.16","1,198.79","1,156.07","4.90B","-2.37%"
"08/05/2001","1,190.16","1,214.35","1,214.35","1,169.55","5.01B","-1.99%"
"07/29/2001","1,214.35","1,205.82","1,226.27","1,200.41","5.54B","0.71%"
"07/22/2001","1,205.82","1,210.85","1,215.22","1,165.54","5.70B","-0.42%"
"07/15/2001","1,210.85","1,215.68","1,225.04","1,196.14","6.11B","-0.40%"
"07/08/2001","1,215.68","1,190.59","1,218.54","1,168.46","6.21B","2.11%"
"07/01/2001","1,190.59","1,224.42","1,239.78","1,188.74","3.74B","-2.76%"
"06/24/2001","1,224.38","1,225.35","1,237.29","1,204.64","6.57B","-0.08%"
"06/17/2001","1,225.35","1,214.36","1,240.24","1,207.71","6.38B","0.91%"
"06/10/2001","1,214.36","1,264.96","1,264.96","1,203.03","5.95B","-4.00%"
"06/03/2001","1,264.96","1,260.67","1,286.62","1,256.36","4.83B","0.34%"
"05/27/2001","1,260.67","1,277.89","1,278.42","1,245.96","4.43B","-1.35%"
"05/20/2001","1,277.89","1,291.96","1,315.93","1,276.42","5.50B","-1.09%"
"05/13/2001","1,291.96","1,245.67","1,296.48","1,241.02","5.82B","3.72%"
"05/06/2001","1,245.67","1,266.61","1,270.00","1,240.79","5.05B","-1.65%"
"04/29/2001","1,266.61","1,253.05","1,272.93","1,232.00","6.01B","1.08%"
"04/22/2001","1,253.05","1,242.98","1,253.07","1,207.38","5.87B","0.81%"
"04/15/2001","1,242.98","1,183.50","1,253.71","1,167.38","6.77B","5.03%"
"04/08/2001","1,183.50","1,128.43","1,183.51","1,126.38","4.80B","4.88%"
"04/01/2001","1,128.43","1,160.33","1,169.51","1,091.99","6.70B","-2.75%"
"03/25/2001","1,160.33","1,139.83","1,183.35","1,136.26","6.28B","1.80%"
"03/18/2001","1,139.83","1,150.53","1,180.56","1,081.19","6.80B","-0.93%"
"03/11/2001","1,150.53","1,233.42","1,233.42","1,148.64","6.79B","-6.72%"
"03/04/2001","1,233.42","1,234.18","1,267.42","1,228.42","5.35B","-0.06%"
"02/25/2001","1,234.18","1,245.86","1,272.76","1,214.50","6.06B","-0.94%"
"02/18/2001","1,245.86","1,301.53","1,307.16","1,215.44","4.92B","-4.28%"
"02/11/2001","1,301.53","1,314.76","1,336.62","1,293.18","5.68B","-1.01%"
"02/04/2001","1,314.76","1,349.47","1,363.55","1,309.98","5.41B","-2.57%"
"01/28/2001","1,349.47","1,354.92","1,383.37","1,348.72","5.67B","-0.40%"
"01/21/2001","1,354.95","1,342.54","1,369.75","1,333.84","6.06B","0.92%"
"01/14/2001","1,342.54","1,318.32","1,354.55","1,313.33","5.41B","1.82%"
"01/07/2001","1,318.55","1,298.35","1,333.21","1,276.29","6.29B","1.56%"
"12/31/2000","1,298.35","1,320.28","1,350.24","1,274.62","6.57B","-1.66%"
"12/24/2000","1,320.28","1,305.97","1,340.10","1,301.64","3.95B","1.10%"
"12/17/2000","1,305.95","1,312.15","1,346.44","1,254.07","6.47B","-0.47%"
"12/10/2000","1,312.15","1,369.89","1,389.05","1,305.38","6.10B","-4.21%"
"12/03/2000","1,369.89","1,315.18","1,380.33","1,310.23","5.89B","4.16%"
"11/26/2000","1,315.23","1,341.77","1,362.50","1,294.90","4.76B","-1.98%"
"11/19/2000","1,341.77","1,367.72","1,367.72","1,321.89","3.46B","-1.90%"
"11/12/2000","1,367.72","1,365.98","1,395.96","1,328.62","5.34B","0.13%"
"11/05/2000","1,365.98","1,428.76","1,438.46","1,365.97","4.79B","-4.26%"
"10/29/2000","1,426.69","1,379.58","1,433.40","1,376.86","5.93B","3.41%"
"10/22/2000","1,379.58","1,396.93","1,415.64","1,337.81","5.91B","-1.24%"
"10/15/2000","1,396.93","1,374.17","1,408.47","1,305.79","6.08B","1.66%"
"10/08/2000","1,374.17","1,408.99","1,409.69","1,327.08","5.76B","-2.47%"
"10/01/2000","1,408.99","1,436.52","1,454.82","1,397.06","5.64B","-1.92%"
"09/24/2000","1,436.51","1,448.72","1,461.69","1,419.44","5.67B","-0.84%"
"09/17/2000","1,448.72","1,465.81","1,467.77","1,421.88","5.38B","-1.17%"
"09/10/2000","1,465.81","1,494.50","1,506.76","1,460.22","5.24B","-1.92%"
"09/03/2000","1,494.50","1,520.77","1,520.77","1,489.88","3.78B","-1.73%"
"08/27/2000","1,520.77","1,506.45","1,530.09","1,500.09","4.17B","0.95%"
"08/20/2000","1,506.45","1,491.72","1,513.47","1,489.52","3.94B","0.99%"
"08/13/2000","1,491.72","1,471.84","1,499.47","1,468.56","4.35B","1.35%"
"08/06/2000","1,471.84","1,462.93","1,490.33","1,453.06","4.68B","0.61%"
"07/30/2000","1,462.93","1,419.89","1,462.93","1,418.71","4.94B","3.03%"
"07/23/2000","1,419.89","1,480.19","1,485.88","1,413.89","5.22B","-4.07%"
"07/16/2000","1,480.19","1,509.98","1,517.32","1,477.91","4.76B","-1.97%"
"07/09/2000","1,509.98","1,478.90","1,509.99","1,470.48","4.81B","2.10%"
"07/02/2000","1,478.90","1,454.60","1,484.12","1,439.56","3.35B","1.67%"
"06/25/2000","1,454.60","1,441.48","1,467.63","1,434.63","5.60B","0.91%"
"06/18/2000","1,441.48","1,464.46","1,488.93","1,438.31","4.83B","-1.57%"
"06/11/2000","1,464.46","1,456.95","1,483.62","1,442.38","4.90B","0.52%"
"06/04/2000","1,456.95","1,477.26","1,477.28","1,454.74","4.28B","-1.37%"
"05/28/2000","1,477.26","1,378.02","1,483.23","1,378.02","3.93B","7.20%"
"05/21/2000","1,378.02","1,406.95","1,411.65","1,361.09","4.60B","-2.06%"
"05/14/2000","1,406.95","1,420.96","1,470.40","1,401.74","4.29B","-0.99%"
"05/07/2000","1,420.96","1,432.63","1,432.63","1,375.14","4.50B","-0.81%"
"04/30/2000","1,432.63","1,452.43","1,481.51","1,398.36","4.70B","-1.36%"
"04/23/2000","1,452.43","1,434.54","1,482.94","1,407.13","5.03B","1.25%"
"04/16/2000","1,434.54","1,356.56","1,447.69","1,346.50","4.21B","5.75%"
"04/09/2000","1,356.56","1,516.35","1,527.19","1,339.40","5.31B","-10.54%"
"04/02/2000","1,516.35","1,498.58","1,526.45","1,416.41","5.55B","1.19%"
"03/26/2000","1,498.58","1,527.46","1,534.63","1,474.63","5.34B","-1.89%"
"03/19/2000","1,527.46","1,464.47","1,552.87","1,446.06","5.19B","4.30%"
"03/12/2000","1,464.47","1,395.07","1,477.33","1,356.99","6.19B","4.97%"
"03/05/2000","1,395.07","1,409.17","1,413.46","1,346.62","5.81B","-1.00%"
"02/27/2000","1,409.17","1,333.36","1,410.88","1,325.07","5.85B","5.69%"
"02/20/2000","1,333.36","1,346.09","1,370.11","1,329.15","4.25B","-0.95%"
"02/13/2000","1,346.09","1,387.12","1,407.72","1,345.32","5.12B","-2.96%"
"02/06/2000","1,387.12","1,424.37","1,444.55","1,378.89","5.10B","-2.62%"
"01/30/2000","1,424.37","1,360.16","1,435.91","1,350.14","5.21B","4.72%"
"01/23/2000","1,360.16","1,441.36","1,454.09","1,356.20","5.53B","-5.63%"
"01/16/2000","1,441.36","1,465.15","1,465.71","1,438.54","4.46B","-1.62%"
"01/09/2000","1,465.15","1,441.47","1,473.00","1,427.08","5.17B","1.64%"